id,simples,composto,multi_sobrenome,com_titulo,com_inicial,com_apelido,com_acento,nao_latino,case_inconsistente
1,Maria,Maria Silva,Maria Aparecida da Silva Santos,Sra. Maria Silva,M. Silva,"Maria ""Mari"" Silva",José Antônio,王明,MARIA SILVA
2,João,João Souza,João Carlos de Souza Pereira,Sr. João Souza,J. Souza,"João ""Joca"" Souza",João,محمد,joão souza
3,Ana,Ana Lima,Ana Beatriz Lima Costa,Dra. Ana Lima,A. Lima,Ana,André,Иван Петров,ANA LIMA
4,Carlos,Carlos Silva,Carlos Eduardo da Silva,Dr. Carlos Silva,C. Silva,"Carlos ""Carlinhos"" Silva",César,李明,Carlos Silva
5,Maria,Maria Souza,Maria Clara de Souza,Sra. Maria Souza,M. Souza,Maria,Mônica,王芳,maria souza
6,Pedro,Pedro Lima,Pedro Henrique Lima da Silva,Sr. Pedro Lima,P. Lima,Pedrinho,Petrônio,陈伟,Pedro LIMA
7,Ana,Ana Silva,Ana Paula Silva Costa,Dra. Ana Silva,A. Silva,Aninha,André,علي,Ana silva
8,João,João Lima,João Vitor de Lima Souza,Sr. João Lima,J. Lima,Jão,Jônatas,张敏,JOAO LIMA
9,Beatriz,Beatriz Souza,Beatriz Helena Souza Castro,Sra. Beatriz Souza,B. Souza,Bia,Béa,刘洋,beatriz souza
10,Carlos,Carlos Lima,Carlos Augusto Lima,Sr. Carlos Lima,C. Lima,Carlão,Carlos,杨静,Carlos Lima
11,Maria,Maria Costa,Maria Eduarda Costa Pereira,Sra. Maria Costa,M. Costa,Mari,Maria,黄丽,Maria COSTA
12,Pedro,Pedro Silva,Pedro Lucas Silva Santos,Sr. Pedro Silva,P. Silva,Pedro,Pedro,赵强,pedro silva
13,Ana,Ana Souza,Ana Carolina Souza Lima,Dra. Ana Souza,A. Souza,Ana,Ana,周敏,Ana SOUZA
14,João Filho,João Silva Jr.,João Silva Filho,Sr. João Silva Jr.,J. Silva Jr.,João Jr,João,吴芳,João Silva JR
15,Maria III,Maria Souza III,Maria Souza Neta,Sra. Maria Souza III,M. Souza III,Maria III,Maria,徐磊,MARIA III
16,O'Brien,Patrick O'Brien,Patrick James O'Brien,Mr. Patrick O'Brien,P. O'Brien,Pat,Patrick,孙丽,Patrick O'BRIEN
17,D'Ávila,Lucas D'Ávila,Lucas Pinto D'Ávila,Sr. Lucas D'Ávila,L. D'Ávila,Lukinha,Lucas,胡军,LUCAS D'AVILA
18,Müller,Hans Müller,Hans Friedrich Müller,Herr Müller,H. Müller,Hans,Müller,朱明,hans müller
19,xxx,teste,teste teste,sr. teste,t. teste,teste,teste,测试,TESTE
20,Maria  Silva,Maria  Silva,, ,M. Silva,, ,,
21,Maria Silv,Maria Silv,Maria Silv,Sra. Maria Silv,M. Silv,Mari,Maria,,
22,nao informado,nao informado,nao informado,,,,,,
23,Maria,Maria Silva,Maria Aparecida Silva,Sra. Maria Silva,M. Silva,Mari,Maria,王明,maria silva
24,João,João Souza,João Carlos Souza,Sr. João Souza,J. Souza,Joca,João,محمد,joão souza
25,Ana,Ana Lima,Ana Beatriz Lima,Dra. Ana Lima,A. Lima,Aninha,Ana,Иван,ANA LIMA
