id,simples,composto,multi_sobrenome,com_titulo,com_inicial
1,Carlos,Carlos Silva,Carlos Silva Alves,Sra. Carlos Silva,C. Silva
2,Julia,Julia Rodrigues,Julia Rodrigues Pereira,Sr. Julia Rodrigues,J. Rodrigues
3,Carlos,Carlos Paiva,Carlos Paiva Lima,Sra. Carlos Paiva,C. Paiva
4,Jose,Jose Carvalho,Jose Carvalho Souza,Sr. Jose Carvalho,J. Carvalho
5,Maria,Maria Lima,Maria Lima Oliveira,Sra. Maria Lima,M. Lima
6,Julia,Julia Cruz,Julia Cruz Macedo,Sr. Julia Cruz,J. Cruz
7,Maria,Maria Paiva,Maria Paiva Oliveira,Sra. Maria Paiva,M. Paiva
8,Igor,Igor Carvalho,Igor Carvalho Rodrigues,Sr. Igor Carvalho,I. Carvalho
9,Fabio,Fabio Faria,Fabio Faria Alves,Sra. Fabio Faria,F. Faria
10,Maria,Maria Santos,Maria Santos Carvalho,Sr. Maria Santos,M. Santos
11,Bruno,Bruno Alves,Bruno Alves Pereira,Sra. Bruno Alves,B. Alves
12,Lucas,Lucas Gomes,Lucas Gomes Costa,Sr. Lucas Gomes,L. Gomes
13,Ana,Ana Araujo,Ana Araujo Costa,Sra. Ana Araujo,A. Araujo
14,Clara,Clara Martins,Clara Martins Macedo,Sr. Clara Martins,C. Martins
15,Rafael,Rafael Souza,Rafael Souza Melo,Sra. Rafael Souza,R. Souza
16,Igor,Igor Costa,Igor Costa Araujo,Sr. Igor Costa,I. Costa
17,Ana,Ana Paiva,Ana Paiva Ferreira,Sra. Ana Paiva,A. Paiva
18,Mariana,Mariana Martins,Mariana Martins Faria,Sr. Mariana Martins,M. Martins
19,Lucas,Lucas Lima,Lucas Lima Souza,Sra. Lucas Lima,L. Lima
20,Julia,Julia Ferreira,Julia Ferreira Lima,Sr. Julia Ferreira,J. Ferreira
21,Julia,Julia Costa,Julia Costa Araujo,Sra. Julia Costa,J. Costa
22,Rafael,Rafael Melo,Rafael Melo Martins,Sr. Rafael Melo,R. Melo
23,Beatriz,Beatriz Martins,Beatriz Martins Martins,Sra. Beatriz Martins,B. Martins
24,Lucas,Lucas Alves,Lucas Alves Lima,Sr. Lucas Alves,L. Alves
25,Mariana,Mariana Santos,Mariana Santos Paiva,Sra. Mariana Santos,M. Santos
26,Julia,Julia Santos,Julia Santos Melo,Sr. Julia Santos,J. Santos
27,Diego,Diego Alves,Diego Alves Paiva,Sra. Diego Alves,D. Alves
28,Julia,Julia Gomes,Julia Gomes Souza,Sr. Julia Gomes,J. Gomes
29,Julia,Julia Souza,Julia Souza Gomes,Sra. Julia Souza,J. Souza
30,Diego,Diego Alves,Diego Alves Lima,Sr. Diego Alves,D. Alves
31,Lucas,Lucas Faria,Lucas Faria Gomes,Sra. Lucas Faria,L. Faria
32,Lucas,Lucas Dias,Lucas Dias Araujo,Sr. Lucas Dias,L. Dias
33,Fabio,Fabio Pereira,Fabio Pereira Alves,Sra. Fabio Pereira,F. Pereira
34,Pedro,Pedro Rodrigues,Pedro Rodrigues Paiva,Sr. Pedro Rodrigues,P. Rodrigues
35,Igor,Igor Alves,Igor Alves Faria,Sra. Igor Alves,I. Alves
36,Erica,Erica Faria,Erica Faria Araujo,Sr. Erica Faria,E. Faria
37,Clara,Clara Rodrigues,Clara Rodrigues Pereira,Sra. Clara Rodrigues,C. Rodrigues
38,Heitor,Heitor Dias,Heitor Dias Lima,Sr. Heitor Dias,H. Dias
39,Joao,Joao Costa,Joao Costa Pereira,Sra. Joao Costa,J. Costa
40,Beatriz,Beatriz Carvalho,Beatriz Carvalho Macedo,Sr. Beatriz Carvalho,B. Carvalho
41,Ana,Ana Araujo,Ana Araujo Araujo,Sra. Ana Araujo,A. Araujo
42,Mariana,Mariana Melo,Mariana Melo Cruz,Sr. Mariana Melo,M. Melo
43,Rafael,Rafael Paiva,Rafael Paiva Silva,Sra. Rafael Paiva,R. Paiva
44,Carlos,Carlos Paiva,Carlos Paiva Alves,Sr. Carlos Paiva,C. Paiva
45,Bruno,Bruno Costa,Bruno Costa Ferreira,Sra. Bruno Costa,B. Costa
46,Erica,Erica Santos,Erica Santos Melo,Sr. Erica Santos,E. Santos
47,Maria,Maria Alves,Maria Alves Cruz,Sra. Maria Alves,M. Alves
48,Beatriz,Beatriz Cruz,Beatriz Cruz Costa,Sr. Beatriz Cruz,B. Cruz
49,Paula,Paula Cruz,Paula Cruz Macedo,Sra. Paula Cruz,P. Cruz
50,Lucas,Lucas Pereira,Lucas Pereira Martins,Sr. Lucas Pereira,L. Pereira
51,Beatriz,Beatriz Paiva,Beatriz Paiva Cruz,Sra. Beatriz Paiva,B. Paiva
52,Maria,Maria Macedo,Maria Macedo Gomes,Sr. Maria Macedo,M. Macedo
53,Gabi,Gabi Silva,Gabi Silva Costa,Sra. Gabi Silva,G. Silva
54,Clara,Clara Ferreira,Clara Ferreira Rodrigues,Sr. Clara Ferreira,C. Ferreira
55,Joao,Joao Rodrigues,Joao Rodrigues Faria,Sra. Joao Rodrigues,J. Rodrigues
56,Ana,Ana Lima,Ana Lima Dias,Sr. Ana Lima,A. Lima
57,Ana,Ana Paiva,Ana Paiva Pereira,Sra. Ana Paiva,A. Paiva
58,Pedro,Pedro Dias,Pedro Dias Paiva,Sr. Pedro Dias,P. Dias
59,Beatriz,Beatriz Alves,Beatriz Alves Cruz,Sra. Beatriz Alves,B. Alves
60,Mariana,Mariana Carvalho,Mariana Carvalho Oliveira,Sr. Mariana Carvalho,M. Carvalho
61,Igor,Igor Oliveira,Igor Oliveira Ferreira,Sra. Igor Oliveira,I. Oliveira
62,Diego,Diego Martins,Diego Martins Melo,Sr. Diego Martins,D. Martins
63,Heitor,Heitor Melo,Heitor Melo Costa,Sra. Heitor Melo,H. Melo
64,Julia,Julia Rodrigues,Julia Rodrigues Lima,Sr. Julia Rodrigues,J. Rodrigues
65,Bruno,Bruno Silva,Bruno Silva Faria,Sra. Bruno Silva,B. Silva
66,Igor,Igor Rodrigues,Igor Rodrigues Faria,Sr. Igor Rodrigues,I. Rodrigues
67,Julia,Julia Silva,Julia Silva Lima,Sra. Julia Silva,J. Silva
68,Joao,Joao Rodrigues,Joao Rodrigues Lima,Sr. Joao Rodrigues,J. Rodrigues
69,Joao,Joao Gomes,Joao Gomes Lima,Sra. Joao Gomes,J. Gomes
70,Heitor,Heitor Rodrigues,Heitor Rodrigues Alves,Sr. Heitor Rodrigues,H. Rodrigues
71,Gabi,Gabi Oliveira,Gabi Oliveira Paiva,Sra. Gabi Oliveira,G. Oliveira
72,Pedro,Pedro Faria,Pedro Faria Faria,Sr. Pedro Faria,P. Faria
73,Gabi,Gabi Rodrigues,Gabi Rodrigues Dias,Sra. Gabi Rodrigues,G. Rodrigues
74,Erica,Erica Oliveira,Erica Oliveira Costa,Sr. Erica Oliveira,E. Oliveira
75,Carlos,Carlos Carvalho,Carlos Carvalho Martins,Sra. Carlos Carvalho,C. Carvalho
76,Erica,Erica Carvalho,Erica Carvalho Melo,Sr. Erica Carvalho,E. Carvalho
77,Joao,Joao Costa,Joao Costa Souza,Sra. Joao Costa,J. Costa
78,Diego,Diego Gomes,Diego Gomes Costa,Sr. Diego Gomes,D. Gomes
79,Julia,Julia Oliveira,Julia Oliveira Oliveira,Sra. Julia Oliveira,J. Oliveira
80,Igor,Igor Melo,Igor Melo Pereira,Sr. Igor Melo,I. Melo
81,Erica,Erica Santos,Erica Santos Alves,Sra. Erica Santos,E. Santos
82,Fabio,Fabio Rodrigues,Fabio Rodrigues Lima,Sr. Fabio Rodrigues,F. Rodrigues
83,Fabio,Fabio Paiva,Fabio Paiva Costa,Sra. Fabio Paiva,F. Paiva
84,Joao,Joao Paiva,Joao Paiva Silva,Sr. Joao Paiva,J. Paiva
85,Ana,Ana Rodrigues,Ana Rodrigues Santos,Sra. Ana Rodrigues,A. Rodrigues
86,Erica,Erica Dias,Erica Dias Dias,Sr. Erica Dias,E. Dias
87,Lucas,Lucas Araujo,Lucas Araujo Souza,Sra. Lucas Araujo,L. Araujo
88,Beatriz,Beatriz Araujo,Beatriz Araujo Silva,Sr. Beatriz Araujo,B. Araujo
89,Diego,Diego Alves,Diego Alves Melo,Sra. Diego Alves,D. Alves
90,Paula,Paula Carvalho,Paula Carvalho Paiva,Sr. Paula Carvalho,P. Carvalho
91,Gabi,Gabi Pereira,Gabi Pereira Oliveira,Sra. Gabi Pereira,G. Pereira
92,Paula,Paula Oliveira,Paula Oliveira Souza,Sr. Paula Oliveira,P. Oliveira
93,Jose,Jose Paiva,Jose Paiva Souza,Sra. Jose Paiva,J. Paiva
94,Bruno,Bruno Souza,Bruno Souza Souza,Sr. Bruno Souza,B. Souza
95,Jose,Jose Dias,Jose Dias Cruz,Sra. Jose Dias,J. Dias
96,Heitor,Heitor Santos,Heitor Santos Souza,Sr. Heitor Santos,H. Santos
97,Heitor,Heitor Lima,Heitor Lima Santos,Sra. Heitor Lima,H. Lima
98,Ana,Ana Macedo,Ana Macedo Lima,Sr. Ana Macedo,A. Macedo
99,Julia,Julia Araujo,Julia Araujo Costa,Sra. Julia Araujo,J. Araujo
100,Jose,Jose Rodrigues,Jose Rodrigues Faria,Sr. Jose Rodrigues,J. Rodrigues
101,Mariana,Mariana Souza,Mariana Souza Macedo,Sra. Mariana Souza,M. Souza
102,Ana,Ana Carvalho,Ana Carvalho Faria,Sr. Ana Carvalho,A. Carvalho
103,Jose,Jose Cruz,Jose Cruz Gomes,Sra. Jose Cruz,J. Cruz
104,Rafael,Rafael Oliveira,Rafael Oliveira Gomes,Sr. Rafael Oliveira,R. Oliveira
105,Julia,Julia Alves,Julia Alves Araujo,Sra. Julia Alves,J. Alves
106,Pedro,Pedro Ferreira,Pedro Ferreira Melo,Sr. Pedro Ferreira,P. Ferreira
107,Bruno,Bruno Lima,Bruno Lima Silva,Sra. Bruno Lima,B. Lima
108,Fabio,Fabio Macedo,Fabio Macedo Faria,Sr. Fabio Macedo,F. Macedo
109,Carlos,Carlos Lima,Carlos Lima Paiva,Sra. Carlos Lima,C. Lima
110,Lucas,Lucas Cruz,Lucas Cruz Alves,Sr. Lucas Cruz,L. Cruz
111,Pedro,Pedro Martins,Pedro Martins Lima,Sra. Pedro Martins,P. Martins
112,Julia,Julia Martins,Julia Martins Ferreira,Sr. Julia Martins,J. Martins
113,Beatriz,Beatriz Melo,Beatriz Melo Paiva,Sra. Beatriz Melo,B. Melo
114,Paula,Paula Macedo,Paula Macedo Cruz,Sr. Paula Macedo,P. Macedo
115,Maria,Maria Paiva,Maria Paiva Ferreira,Sra. Maria Paiva,M. Paiva
116,Carlos,Carlos Pereira,Carlos Pereira Alves,Sr. Carlos Pereira,C. Pereira
117,Carlos,Carlos Costa,Carlos Costa Paiva,Sra. Carlos Costa,C. Costa
118,Pedro,Pedro Alves,Pedro Alves Ferreira,Sr. Pedro Alves,P. Alves
119,Mariana,Mariana Oliveira,Mariana Oliveira Gomes,Sra. Mariana Oliveira,M. Oliveira
120,Lucas,Lucas Alves,Lucas Alves Cruz,Sr. Lucas Alves,L. Alves
121,Gabi,Gabi Alves,Gabi Alves Souza,Sra. Gabi Alves,G. Alves
122,Ana,Ana Carvalho,Ana Carvalho Alves,Sr. Ana Carvalho,A. Carvalho
123,Joao,Joao Silva,Joao Silva Gomes,Sra. Joao Silva,J. Silva
124,Pedro,Pedro Alves,Pedro Alves Santos,Sr. Pedro Alves,P. Alves
125,Fabio,Fabio Paiva,Fabio Paiva Carvalho,Sra. Fabio Paiva,F. Paiva
126,Igor,Igor Silva,Igor Silva Costa,Sr. Igor Silva,I. Silva
127,Ana,Ana Pereira,Ana Pereira Paiva,Sra. Ana Pereira,A. Pereira
128,Joao,Joao Martins,Joao Martins Faria,Sr. Joao Martins,J. Martins
129,Igor,Igor Pereira,Igor Pereira Carvalho,Sra. Igor Pereira,I. Pereira
130,Pedro,Pedro Souza,Pedro Souza Ferreira,Sr. Pedro Souza,P. Souza
131,Clara,Clara Souza,Clara Souza Martins,Sra. Clara Souza,C. Souza
132,Lucas,Lucas Rodrigues,Lucas Rodrigues Costa,Sr. Lucas Rodrigues,L. Rodrigues
133,Clara,Clara Paiva,Clara Paiva Carvalho,Sra. Clara Paiva,C. Paiva
134,Mariana,Mariana Pereira,Mariana Pereira Rodrigues,Sr. Mariana Pereira,M. Pereira
135,Beatriz,Beatriz Santos,Beatriz Santos Carvalho,Sra. Beatriz Santos,B. Santos
136,Maria,Maria Santos,Maria Santos Gomes,Sr. Maria Santos,M. Santos
137,Erica,Erica Rodrigues,Erica Rodrigues Alves,Sra. Erica Rodrigues,E. Rodrigues
138,Beatriz,Beatriz Costa,Beatriz Costa Araujo,Sr. Beatriz Costa,B. Costa
139,Joao,Joao Dias,Joao Dias Rodrigues,Sra. Joao Dias,J. Dias
140,Lucas,Lucas Melo,Lucas Melo Martins,Sr. Lucas Melo,L. Melo
141,Paula,Paula Rodrigues,Paula Rodrigues Rodrigues,Sra. Paula Rodrigues,P. Rodrigues
142,Maria,Maria Oliveira,Maria Oliveira Araujo,Sr. Maria Oliveira,M. Oliveira
143,Bruno,Bruno Alves,Bruno Alves Lima,Sra. Bruno Alves,B. Alves
144,Rafael,Rafael Martins,Rafael Martins Cruz,Sr. Rafael Martins,R. Martins
145,Diego,Diego Paiva,Diego Paiva Gomes,Sra. Diego Paiva,D. Paiva
146,Maria,Maria Costa,Maria Costa Alves,Sr. Maria Costa,M. Costa
147,Beatriz,Beatriz Faria,Beatriz Faria Alves,Sra. Beatriz Faria,B. Faria
148,Joao,Joao Costa,Joao Costa Macedo,Sr. Joao Costa,J. Costa
149,Erica,Erica Martins,Erica Martins Gomes,Sra. Erica Martins,E. Martins
150,Erica,Erica Macedo,Erica Macedo Cruz,Sr. Erica Macedo,E. Macedo
151,Carlos,Carlos Araujo,Carlos Araujo Faria,Sra. Carlos Araujo,C. Araujo
152,Lucas,Lucas Alves,Lucas Alves Souza,Sr. Lucas Alves,L. Alves
153,Erica,Erica Silva,Erica Silva Cruz,Sra. Erica Silva,E. Silva
154,Igor,Igor Oliveira,Igor Oliveira Martins,Sr. Igor Oliveira,I. Oliveira
155,Erica,Erica Lima,Erica Lima Gomes,Sra. Erica Lima,E. Lima
156,Mariana,Mariana Gomes,Mariana Gomes Costa,Sr. Mariana Gomes,M. Gomes
157,Paula,Paula Cruz,Paula Cruz Ferreira,Sra. Paula Cruz,P. Cruz
158,Erica,Erica Gomes,Erica Gomes Araujo,Sr. Erica Gomes,E. Gomes
159,Paula,Paula Paiva,Paula Paiva Pereira,Sra. Paula Paiva,P. Paiva
160,Lucas,Lucas Carvalho,Lucas Carvalho Araujo,Sr. Lucas Carvalho,L. Carvalho
161,Beatriz,Beatriz Macedo,Beatriz Macedo Faria,Sra. Beatriz Macedo,B. Macedo
162,Paula,Paula Araujo,Paula Araujo Paiva,Sr. Paula Araujo,P. Araujo
163,Maria,Maria Ferreira,Maria Ferreira Ferreira,Sra. Maria Ferreira,M. Ferreira
164,Lucas,Lucas Carvalho,Lucas Carvalho Faria,Sr. Lucas Carvalho,L. Carvalho
165,Mariana,Mariana Gomes,Mariana Gomes Melo,Sra. Mariana Gomes,M. Gomes
166,Fabio,Fabio Melo,Fabio Melo Oliveira,Sr. Fabio Melo,F. Melo
167,Heitor,Heitor Dias,Heitor Dias Santos,Sra. Heitor Dias,H. Dias
168,Ana,Ana Ferreira,Ana Ferreira Cruz,Sr. Ana Ferreira,A. Ferreira
169,Mariana,Mariana Gomes,Mariana Gomes Lima,Sra. Mariana Gomes,M. Gomes
170,Julia,Julia Ferreira,Julia Ferreira Rodrigues,Sr. Julia Ferreira,J. Ferreira
171,Lucas,Lucas Pereira,Lucas Pereira Silva,Sra. Lucas Pereira,L. Pereira
172,Joao,Joao Rodrigues,Joao Rodrigues Dias,Sr. Joao Rodrigues,J. Rodrigues
173,Mariana,Mariana Lima,Mariana Lima Melo,Sra. Mariana Lima,M. Lima
174,Erica,Erica Faria,Erica Faria Oliveira,Sr. Erica Faria,E. Faria
175,Diego,Diego Dias,Diego Dias Araujo,Sra. Diego Dias,D. Dias
176,Julia,Julia Pereira,Julia Pereira Silva,Sr. Julia Pereira,J. Pereira
177,Carlos,Carlos Carvalho,Carlos Carvalho Rodrigues,Sra. Carlos Carvalho,C. Carvalho
178,Beatriz,Beatriz Cruz,Beatriz Cruz Melo,Sr. Beatriz Cruz,B. Cruz
179,Joao,Joao Paiva,Joao Paiva Rodrigues,Sra. Joao Paiva,J. Paiva
180,Carlos,Carlos Melo,Carlos Melo Pereira,Sr. Carlos Melo,C. Melo
181,Fabio,Fabio Cruz,Fabio Cruz Paiva,Sra. Fabio Cruz,F. Cruz
182,Mariana,Mariana Gomes,Mariana Gomes Melo,Sr. Mariana Gomes,M. Gomes
183,Mariana,Mariana Cruz,Mariana Cruz Carvalho,Sra. Mariana Cruz,M. Cruz
184,Igor,Igor Melo,Igor Melo Santos,Sr. Igor Melo,I. Melo
185,Gabi,Gabi Melo,Gabi Melo Alves,Sra. Gabi Melo,G. Melo
186,Julia,Julia Alves,Julia Alves Cruz,Sr. Julia Alves,J. Alves
187,Gabi,Gabi Rodrigues,Gabi Rodrigues Alves,Sra. Gabi Rodrigues,G. Rodrigues
188,Fabio,Fabio Lima,Fabio Lima Ferreira,Sr. Fabio Lima,F. Lima
189,Julia,Julia Alves,Julia Alves Gomes,Sra. Julia Alves,J. Alves
190,Bruno,Bruno Paiva,Bruno Paiva Lima,Sr. Bruno Paiva,B. Paiva
191,Pedro,Pedro Pereira,Pedro Pereira Rodrigues,Sra. Pedro Pereira,P. Pereira
192,Diego,Diego Pereira,Diego Pereira Oliveira,Sr. Diego Pereira,D. Pereira
193,Ana,Ana Carvalho,Ana Carvalho Carvalho,Sra. Ana Carvalho,A. Carvalho
194,Bruno,Bruno Paiva,Bruno Paiva Melo,Sr. Bruno Paiva,B. Paiva
195,Erica,Erica Souza,Erica Souza Oliveira,Sra. Erica Souza,E. Souza
196,Erica,Erica Araujo,Erica Araujo Faria,Sr. Erica Araujo,E. Araujo
197,Maria,Maria Faria,Maria Faria Araujo,Sra. Maria Faria,M. Faria
198,Gabi,Gabi Silva,Gabi Silva Martins,Sr. Gabi Silva,G. Silva
199,Paula,Paula Araujo,Paula Araujo Carvalho,Sra. Paula Araujo,P. Araujo
200,Igor,Igor Paiva,Igor Paiva Macedo,Sr. Igor Paiva,I. Paiva
201,Julia,Julia Dias,Julia Dias Rodrigues,Sra. Julia Dias,J. Dias
202,Rafael,Rafael Carvalho,Rafael Carvalho Dias,Sr. Rafael Carvalho,R. Carvalho
203,Maria,Maria Araujo,Maria Araujo Gomes,Sra. Maria Araujo,M. Araujo
204,Diego,Diego Santos,Diego Santos Melo,Sr. Diego Santos,D. Santos
205,Pedro,Pedro Macedo,Pedro Macedo Paiva,Sra. Pedro Macedo,P. Macedo
206,Maria,Maria Araujo,Maria Araujo Faria,Sr. Maria Araujo,M. Araujo
207,Jose,Jose Silva,Jose Silva Lima,Sra. Jose Silva,J. Silva
208,Erica,Erica Pereira,Erica Pereira Melo,Sr. Erica Pereira,E. Pereira
209,Beatriz,Beatriz Souza,Beatriz Souza Alves,Sra. Beatriz Souza,B. Souza
210,Diego,Diego Gomes,Diego Gomes Oliveira,Sr. Diego Gomes,D. Gomes
211,Fabio,Fabio Gomes,Fabio Gomes Gomes,Sra. Fabio Gomes,F. Gomes
212,Diego,Diego Alves,Diego Alves Carvalho,Sr. Diego Alves,D. Alves
213,Rafael,Rafael Lima,Rafael Lima Dias,Sra. Rafael Lima,R. Lima
214,Maria,Maria Paiva,Maria Paiva Souza,Sr. Maria Paiva,M. Paiva
215,Clara,Clara Rodrigues,Clara Rodrigues Lima,Sra. Clara Rodrigues,C. Rodrigues
216,Joao,Joao Silva,Joao Silva Rodrigues,Sr. Joao Silva,J. Silva
217,Lucas,Lucas Silva,Lucas Silva Macedo,Sra. Lucas Silva,L. Silva
218,Pedro,Pedro Rodrigues,Pedro Rodrigues Pereira,Sr. Pedro Rodrigues,P. Rodrigues
219,Gabi,Gabi Costa,Gabi Costa Faria,Sra. Gabi Costa,G. Costa
220,Lucas,Lucas Melo,Lucas Melo Alves,Sr. Lucas Melo,L. Melo
221,Clara,Clara Santos,Clara Santos Macedo,Sra. Clara Santos,C. Santos
222,Mariana,Mariana Costa,Mariana Costa Santos,Sr. Mariana Costa,M. Costa
223,Paula,Paula Costa,Paula Costa Faria,Sra. Paula Costa,P. Costa
224,Maria,Maria Ferreira,Maria Ferreira Faria,Sr. Maria Ferreira,M. Ferreira
225,Diego,Diego Araujo,Diego Araujo Oliveira,Sra. Diego Araujo,D. Araujo
226,Ana,Ana Faria,Ana Faria Rodrigues,Sr. Ana Faria,A. Faria
227,Carlos,Carlos Ferreira,Carlos Ferreira Macedo,Sra. Carlos Ferreira,C. Ferreira
228,Carlos,Carlos Faria,Carlos Faria Souza,Sr. Carlos Faria,C. Faria
229,Clara,Clara Paiva,Clara Paiva Carvalho,Sra. Clara Paiva,C. Paiva
230,Clara,Clara Lima,Clara Lima Cruz,Sr. Clara Lima,C. Lima
231,Bruno,Bruno Silva,Bruno Silva Carvalho,Sra. Bruno Silva,B. Silva
232,Gabi,Gabi Costa,Gabi Costa Carvalho,Sr. Gabi Costa,G. Costa
233,Clara,Clara Melo,Clara Melo Pereira,Sra. Clara Melo,C. Melo
234,Erica,Erica Santos,Erica Santos Cruz,Sr. Erica Santos,E. Santos
235,Rafael,Rafael Macedo,Rafael Macedo Paiva,Sra. Rafael Macedo,R. Macedo
236,Gabi,Gabi Melo,Gabi Melo Carvalho,Sr. Gabi Melo,G. Melo
237,Jose,Jose Alves,Jose Alves Gomes,Sra. Jose Alves,J. Alves
238,Julia,Julia Lima,Julia Lima Alves,Sr. Julia Lima,J. Lima
239,Fabio,Fabio Rodrigues,Fabio Rodrigues Melo,Sra. Fabio Rodrigues,F. Rodrigues
240,Jose,Jose Macedo,Jose Macedo Araujo,Sr. Jose Macedo,J. Macedo
241,Bruno,Bruno Silva,Bruno Silva Dias,Sra. Bruno Silva,B. Silva
242,Bruno,Bruno Santos,Bruno Santos Dias,Sr. Bruno Santos,B. Santos
243,Lucas,Lucas Martins,Lucas Martins Alves,Sra. Lucas Martins,L. Martins
244,Bruno,Bruno Alves,Bruno Alves Macedo,Sr. Bruno Alves,B. Alves
245,Rafael,Rafael Paiva,Rafael Paiva Silva,Sra. Rafael Paiva,R. Paiva
246,Heitor,Heitor Oliveira,Heitor Oliveira Lima,Sr. Heitor Oliveira,H. Oliveira
247,Julia,Julia Carvalho,Julia Carvalho Dias,Sra. Julia Carvalho,J. Carvalho
248,Igor,Igor Rodrigues,Igor Rodrigues Dias,Sr. Igor Rodrigues,I. Rodrigues
249,Gabi,Gabi Melo,Gabi Melo Silva,Sra. Gabi Melo,G. Melo
250,Ana,Ana Ferreira,Ana Ferreira Rodrigues,Sr. Ana Ferreira,A. Ferreira
251,Diego,Diego Rodrigues,Diego Rodrigues Ferreira,Sra. Diego Rodrigues,D. Rodrigues
252,Jose,Jose Martins,Jose Martins Dias,Sr. Jose Martins,J. Martins
253,Igor,Igor Cruz,Igor Cruz Martins,Sra. Igor Cruz,I. Cruz
254,Erica,Erica Paiva,Erica Paiva Gomes,Sr. Erica Paiva,E. Paiva
255,Clara,Clara Melo,Clara Melo Alves,Sra. Clara Melo,C. Melo
256,Paula,Paula Alves,Paula Alves Rodrigues,Sr. Paula Alves,P. Alves
257,Carlos,Carlos Oliveira,Carlos Oliveira Gomes,Sra. Carlos Oliveira,C. Oliveira
258,Carlos,Carlos Paiva,Carlos Paiva Santos,Sr. Carlos Paiva,C. Paiva
259,Lucas,Lucas Oliveira,Lucas Oliveira Dias,Sra. Lucas Oliveira,L. Oliveira
260,Rafael,Rafael Faria,Rafael Faria Cruz,Sr. Rafael Faria,R. Faria
261,Mariana,Mariana Ferreira,Mariana Ferreira Costa,Sra. Mariana Ferreira,M. Ferreira
262,Lucas,Lucas Ferreira,Lucas Ferreira Rodrigues,Sr. Lucas Ferreira,L. Ferreira
263,Clara,Clara Santos,Clara Santos Ferreira,Sra. Clara Santos,C. Santos
264,Maria,Maria Paiva,Maria Paiva Pereira,Sr. Maria Paiva,M. Paiva
265,Rafael,Rafael Souza,Rafael Souza Souza,Sra. Rafael Souza,R. Souza
266,Igor,Igor Ferreira,Igor Ferreira Pereira,Sr. Igor Ferreira,I. Ferreira
267,Gabi,Gabi Costa,Gabi Costa Silva,Sra. Gabi Costa,G. Costa
268,Jose,Jose Ferreira,Jose Ferreira Dias,Sr. Jose Ferreira,J. Ferreira
269,Gabi,Gabi Melo,Gabi Melo Gomes,Sra. Gabi Melo,G. Melo
270,Beatriz,Beatriz Souza,Beatriz Souza Alves,Sr. Beatriz Souza,B. Souza
271,Gabi,Gabi Costa,Gabi Costa Lima,Sra. Gabi Costa,G. Costa
272,Diego,Diego Dias,Diego Dias Lima,Sr. Diego Dias,D. Dias
273,Jose,Jose Souza,Jose Souza Pereira,Sra. Jose Souza,J. Souza
274,Pedro,Pedro Faria,Pedro Faria Ferreira,Sr. Pedro Faria,P. Faria
275,Ana,Ana Rodrigues,Ana Rodrigues Costa,Sra. Ana Rodrigues,A. Rodrigues
276,Igor,Igor Carvalho,Igor Carvalho Macedo,Sr. Igor Carvalho,I. Carvalho
277,Mariana,Mariana Macedo,Mariana Macedo Rodrigues,Sra. Mariana Macedo,M. Macedo
278,Heitor,Heitor Araujo,Heitor Araujo Melo,Sr. Heitor Araujo,H. Araujo
279,Fabio,Fabio Ferreira,Fabio Ferreira Faria,Sra. Fabio Ferreira,F. Ferreira
280,Erica,Erica Ferreira,Erica Ferreira Faria,Sr. Erica Ferreira,E. Ferreira
281,Mariana,Mariana Souza,Mariana Souza Macedo,Sra. Mariana Souza,M. Souza
282,Carlos,Carlos Oliveira,Carlos Oliveira Oliveira,Sr. Carlos Oliveira,C. Oliveira
283,Rafael,Rafael Lima,Rafael Lima Santos,Sra. Rafael Lima,R. Lima
284,Julia,Julia Santos,Julia Santos Paiva,Sr. Julia Santos,J. Santos
285,Ana,Ana Santos,Ana Santos Silva,Sra. Ana Santos,A. Santos
286,Erica,Erica Melo,Erica Melo Macedo,Sr. Erica Melo,E. Melo
287,Gabi,Gabi Ferreira,Gabi Ferreira Souza,Sra. Gabi Ferreira,G. Ferreira
288,Julia,Julia Ferreira,Julia Ferreira Ferreira,Sr. Julia Ferreira,J. Ferreira
289,Fabio,Fabio Lima,Fabio Lima Rodrigues,Sra. Fabio Lima,F. Lima
290,Rafael,Rafael Faria,Rafael Faria Oliveira,Sr. Rafael Faria,R. Faria
291,Erica,Erica Costa,Erica Costa Paiva,Sra. Erica Costa,E. Costa
292,Julia,Julia Pereira,Julia Pereira Alves,Sr. Julia Pereira,J. Pereira
293,Pedro,Pedro Lima,Pedro Lima Souza,Sra. Pedro Lima,P. Lima
294,Beatriz,Beatriz Ferreira,Beatriz Ferreira Macedo,Sr. Beatriz Ferreira,B. Ferreira
295,Jose,Jose Ferreira,Jose Ferreira Melo,Sra. Jose Ferreira,J. Ferreira
296,Carlos,Carlos Melo,Carlos Melo Ferreira,Sr. Carlos Melo,C. Melo
297,Diego,Diego Alves,Diego Alves Cruz,Sra. Diego Alves,D. Alves
298,Igor,Igor Dias,Igor Dias Melo,Sr. Igor Dias,I. Dias
299,Ana,Ana Macedo,Ana Macedo Souza,Sra. Ana Macedo,A. Macedo
300,Erica,Erica Gomes,Erica Gomes Macedo,Sr. Erica Gomes,E. Gomes
301,Rafael,Rafael Silva,Rafael Silva Lima,Sra. Rafael Silva,R. Silva
302,Julia,Julia Faria,Julia Faria Faria,Sr. Julia Faria,J. Faria
303,Maria,Maria Alves,Maria Alves Faria,Sra. Maria Alves,M. Alves
304,Joao,Joao Santos,Joao Santos Dias,Sr. Joao Santos,J. Santos
305,Heitor,Heitor Melo,Heitor Melo Alves,Sra. Heitor Melo,H. Melo
306,Beatriz,Beatriz Faria,Beatriz Faria Carvalho,Sr. Beatriz Faria,B. Faria
307,Gabi,Gabi Lima,Gabi Lima Dias,Sra. Gabi Lima,G. Lima
308,Clara,Clara Carvalho,Clara Carvalho Gomes,Sr. Clara Carvalho,C. Carvalho
309,Bruno,Bruno Costa,Bruno Costa Santos,Sra. Bruno Costa,B. Costa
310,Bruno,Bruno Carvalho,Bruno Carvalho Dias,Sr. Bruno Carvalho,B. Carvalho
311,Paula,Paula Araujo,Paula Araujo Paiva,Sra. Paula Araujo,P. Araujo
312,Joao,Joao Melo,Joao Melo Lima,Sr. Joao Melo,J. Melo
313,Bruno,Bruno Alves,Bruno Alves Gomes,Sra. Bruno Alves,B. Alves
314,Carlos,Carlos Araujo,Carlos Araujo Cruz,Sr. Carlos Araujo,C. Araujo
315,Maria,Maria Paiva,Maria Paiva Melo,Sra. Maria Paiva,M. Paiva
316,Erica,Erica Souza,Erica Souza Oliveira,Sr. Erica Souza,E. Souza
317,Heitor,Heitor Martins,Heitor Martins Macedo,Sra. Heitor Martins,H. Martins
318,Gabi,Gabi Melo,Gabi Melo Souza,Sr. Gabi Melo,G. Melo
319,Lucas,Lucas Alves,Lucas Alves Paiva,Sra. Lucas Alves,L. Alves
320,Pedro,Pedro Ferreira,Pedro Ferreira Melo,Sr. Pedro Ferreira,P. Ferreira
321,Gabi,Gabi Costa,Gabi Costa Silva,Sra. Gabi Costa,G. Costa
322,Mariana,Mariana Rodrigues,Mariana Rodrigues Santos,Sr. Mariana Rodrigues,M. Rodrigues
323,Paula,Paula Paiva,Paula Paiva Silva,Sra. Paula Paiva,P. Paiva
324,Igor,Igor Carvalho,Igor Carvalho Lima,Sr. Igor Carvalho,I. Carvalho
325,Julia,Julia Costa,Julia Costa Melo,Sra. Julia Costa,J. Costa
326,Carlos,Carlos Pereira,Carlos Pereira Dias,Sr. Carlos Pereira,C. Pereira
327,Paula,Paula Cruz,Paula Cruz Alves,Sra. Paula Cruz,P. Cruz
328,Erica,Erica Dias,Erica Dias Dias,Sr. Erica Dias,E. Dias
329,Julia,Julia Melo,Julia Melo Paiva,Sra. Julia Melo,J. Melo
330,Pedro,Pedro Araujo,Pedro Araujo Oliveira,Sr. Pedro Araujo,P. Araujo
331,Mariana,Mariana Cruz,Mariana Cruz Pereira,Sra. Mariana Cruz,M. Cruz
332,Ana,Ana Alves,Ana Alves Carvalho,Sr. Ana Alves,A. Alves
333,Bruno,Bruno Cruz,Bruno Cruz Alves,Sra. Bruno Cruz,B. Cruz
334,Maria,Maria Ferreira,Maria Ferreira Ferreira,Sr. Maria Ferreira,M. Ferreira
335,Jose,Jose Faria,Jose Faria Dias,Sra. Jose Faria,J. Faria
336,Pedro,Pedro Melo,Pedro Melo Paiva,Sr. Pedro Melo,P. Melo
337,Gabi,Gabi Martins,Gabi Martins Gomes,Sra. Gabi Martins,G. Martins
338,Igor,Igor Paiva,Igor Paiva Araujo,Sr. Igor Paiva,I. Paiva
339,Fabio,Fabio Gomes,Fabio Gomes Oliveira,Sra. Fabio Gomes,F. Gomes
340,Julia,Julia Faria,Julia Faria Araujo,Sr. Julia Faria,J. Faria
341,Julia,Julia Carvalho,Julia Carvalho Souza,Sra. Julia Carvalho,J. Carvalho
342,Bruno,Bruno Dias,Bruno Dias Araujo,Sr. Bruno Dias,B. Dias
343,Diego,Diego Pereira,Diego Pereira Dias,Sra. Diego Pereira,D. Pereira
344,Joao,Joao Pereira,Joao Pereira Cruz,Sr. Joao Pereira,J. Pereira
345,Jose,Jose Gomes,Jose Gomes Costa,Sra. Jose Gomes,J. Gomes
346,Fabio,Fabio Costa,Fabio Costa Cruz,Sr. Fabio Costa,F. Costa
347,Fabio,Fabio Silva,Fabio Silva Pereira,Sra. Fabio Silva,F. Silva
348,Erica,Erica Pereira,Erica Pereira Lima,Sr. Erica Pereira,E. Pereira
349,Gabi,Gabi Alves,Gabi Alves Gomes,Sra. Gabi Alves,G. Alves
350,Mariana,Mariana Araujo,Mariana Araujo Lima,Sr. Mariana Araujo,M. Araujo
351,Bruno,Bruno Paiva,Bruno Paiva Araujo,Sra. Bruno Paiva,B. Paiva
352,Bruno,Bruno Dias,Bruno Dias Paiva,Sr. Bruno Dias,B. Dias
353,Joao,Joao Macedo,Joao Macedo Lima,Sra. Joao Macedo,J. Macedo
354,Julia,Julia Ferreira,Julia Ferreira Rodrigues,Sr. Julia Ferreira,J. Ferreira
355,Ana,Ana Carvalho,Ana Carvalho Costa,Sra. Ana Carvalho,A. Carvalho
356,Carlos,Carlos Melo,Carlos Melo Santos,Sr. Carlos Melo,C. Melo
357,Paula,Paula Silva,Paula Silva Souza,Sra. Paula Silva,P. Silva
358,Bruno,Bruno Souza,Bruno Souza Ferreira,Sr. Bruno Souza,B. Souza
359,Clara,Clara Martins,Clara Martins Carvalho,Sra. Clara Martins,C. Martins
360,Pedro,Pedro Rodrigues,Pedro Rodrigues Cruz,Sr. Pedro Rodrigues,P. Rodrigues
361,Erica,Erica Faria,Erica Faria Santos,Sra. Erica Faria,E. Faria
362,Beatriz,Beatriz Santos,Beatriz Santos Lima,Sr. Beatriz Santos,B. Santos
363,Mariana,Mariana Araujo,Mariana Araujo Macedo,Sra. Mariana Araujo,M. Araujo
364,Julia,Julia Dias,Julia Dias Faria,Sr. Julia Dias,J. Dias
365,Pedro,Pedro Rodrigues,Pedro Rodrigues Melo,Sra. Pedro Rodrigues,P. Rodrigues
366,Rafael,Rafael Melo,Rafael Melo Alves,Sr. Rafael Melo,R. Melo
367,Maria,Maria Melo,Maria Melo Ferreira,Sra. Maria Melo,M. Melo
368,Igor,Igor Santos,Igor Santos Lima,Sr. Igor Santos,I. Santos
369,Fabio,Fabio Martins,Fabio Martins Faria,Sra. Fabio Martins,F. Martins
370,Paula,Paula Carvalho,Paula Carvalho Alves,Sr. Paula Carvalho,P. Carvalho
371,Fabio,Fabio Ferreira,Fabio Ferreira Oliveira,Sra. Fabio Ferreira,F. Ferreira
372,Diego,Diego Dias,Diego Dias Costa,Sr. Diego Dias,D. Dias
373,Julia,Julia Araujo,Julia Araujo Faria,Sra. Julia Araujo,J. Araujo
374,Clara,Clara Faria,Clara Faria Ferreira,Sr. Clara Faria,C. Faria
375,Paula,Paula Silva,Paula Silva Araujo,Sra. Paula Silva,P. Silva
376,Rafael,Rafael Silva,Rafael Silva Faria,Sr. Rafael Silva,R. Silva
377,Joao,Joao Macedo,Joao Macedo Dias,Sra. Joao Macedo,J. Macedo
378,Paula,Paula Rodrigues,Paula Rodrigues Macedo,Sr. Paula Rodrigues,P. Rodrigues
379,Clara,Clara Rodrigues,Clara Rodrigues Oliveira,Sra. Clara Rodrigues,C. Rodrigues
380,Mariana,Mariana Alves,Mariana Alves Pereira,Sr. Mariana Alves,M. Alves
381,Carlos,Carlos Souza,Carlos Souza Ferreira,Sra. Carlos Souza,C. Souza
382,Fabio,Fabio Souza,Fabio Souza Faria,Sr. Fabio Souza,F. Souza
383,Clara,Clara Pereira,Clara Pereira Lima,Sra. Clara Pereira,C. Pereira
384,Paula,Paula Gomes,Paula Gomes Carvalho,Sr. Paula Gomes,P. Gomes
385,Beatriz,Beatriz Oliveira,Beatriz Oliveira Pereira,Sra. Beatriz Oliveira,B. Oliveira
386,Igor,Igor Martins,Igor Martins Cruz,Sr. Igor Martins,I. Martins
387,Heitor,Heitor Alves,Heitor Alves Santos,Sra. Heitor Alves,H. Alves
388,Rafael,Rafael Dias,Rafael Dias Ferreira,Sr. Rafael Dias,R. Dias
389,Bruno,Bruno Costa,Bruno Costa Melo,Sra. Bruno Costa,B. Costa
390,Ana,Ana Pereira,Ana Pereira Rodrigues,Sr. Ana Pereira,A. Pereira
391,Diego,Diego Paiva,Diego Paiva Martins,Sra. Diego Paiva,D. Paiva
392,Ana,Ana Araujo,Ana Araujo Silva,Sr. Ana Araujo,A. Araujo
393,Rafael,Rafael Paiva,Rafael Paiva Costa,Sra. Rafael Paiva,R. Paiva
394,Fabio,Fabio Martins,Fabio Martins Alves,Sr. Fabio Martins,F. Martins
395,Jose,Jose Araujo,Jose Araujo Martins,Sra. Jose Araujo,J. Araujo
396,Carlos,Carlos Rodrigues,Carlos Rodrigues Dias,Sr. Carlos Rodrigues,C. Rodrigues
397,Maria,Maria Macedo,Maria Macedo Paiva,Sra. Maria Macedo,M. Macedo
398,Bruno,Bruno Macedo,Bruno Macedo Rodrigues,Sr. Bruno Macedo,B. Macedo
399,Ana,Ana Melo,Ana Melo Ferreira,Sra. Ana Melo,A. Melo
400,Erica,Erica Costa,Erica Costa Pereira,Sr. Erica Costa,E. Costa
401,Joao,Joao Souza,Joao Souza Ferreira,Sra. Joao Souza,J. Souza
402,Gabi,Gabi Costa,Gabi Costa Costa,Sr. Gabi Costa,G. Costa
403,Julia,Julia Paiva,Julia Paiva Pereira,Sra. Julia Paiva,J. Paiva
404,Diego,Diego Melo,Diego Melo Martins,Sr. Diego Melo,D. Melo
405,Igor,Igor Carvalho,Igor Carvalho Faria,Sra. Igor Carvalho,I. Carvalho
406,Pedro,Pedro Carvalho,Pedro Carvalho Costa,Sr. Pedro Carvalho,P. Carvalho
407,Gabi,Gabi Macedo,Gabi Macedo Carvalho,Sra. Gabi Macedo,G. Macedo
408,Rafael,Rafael Souza,Rafael Souza Martins,Sr. Rafael Souza,R. Souza
409,Lucas,Lucas Melo,Lucas Melo Melo,Sra. Lucas Melo,L. Melo
410,Julia,Julia Martins,Julia Martins Costa,Sr. Julia Martins,J. Martins
411,Clara,Clara Paiva,Clara Paiva Martins,Sra. Clara Paiva,C. Paiva
412,Joao,Joao Araujo,Joao Araujo Alves,Sr. Joao Araujo,J. Araujo
413,Lucas,Lucas Costa,Lucas Costa Melo,Sra. Lucas Costa,L. Costa
414,Ana,Ana Oliveira,Ana Oliveira Macedo,Sr. Ana Oliveira,A. Oliveira
415,Maria,Maria Souza,Maria Souza Gomes,Sra. Maria Souza,M. Souza
416,Julia,Julia Pereira,Julia Pereira Faria,Sr. Julia Pereira,J. Pereira
417,Lucas,Lucas Lima,Lucas Lima Paiva,Sra. Lucas Lima,L. Lima
418,Lucas,Lucas Faria,Lucas Faria Oliveira,Sr. Lucas Faria,L. Faria
419,Julia,Julia Gomes,Julia Gomes Pereira,Sra. Julia Gomes,J. Gomes
420,Mariana,Mariana Silva,Mariana Silva Alves,Sr. Mariana Silva,M. Silva
421,Pedro,Pedro Pereira,Pedro Pereira Paiva,Sra. Pedro Pereira,P. Pereira
422,Rafael,Rafael Santos,Rafael Santos Costa,Sr. Rafael Santos,R. Santos
423,Maria,Maria Pereira,Maria Pereira Silva,Sra. Maria Pereira,M. Pereira
424,Clara,Clara Rodrigues,Clara Rodrigues Faria,Sr. Clara Rodrigues,C. Rodrigues
425,Bruno,Bruno Silva,Bruno Silva Santos,Sra. Bruno Silva,B. Silva
426,Rafael,Rafael Souza,Rafael Souza Pereira,Sr. Rafael Souza,R. Souza
427,Erica,Erica Cruz,Erica Cruz Costa,Sra. Erica Cruz,E. Cruz
428,Ana,Ana Dias,Ana Dias Melo,Sr. Ana Dias,A. Dias
429,Clara,Clara Cruz,Clara Cruz Faria,Sra. Clara Cruz,C. Cruz
430,Carlos,Carlos Melo,Carlos Melo Cruz,Sr. Carlos Melo,C. Melo
431,Julia,Julia Macedo,Julia Macedo Souza,Sra. Julia Macedo,J. Macedo
432,Heitor,Heitor Ferreira,Heitor Ferreira Melo,Sr. Heitor Ferreira,H. Ferreira
433,Maria,Maria Souza,Maria Souza Dias,Sra. Maria Souza,M. Souza
434,Diego,Diego Carvalho,Diego Carvalho Costa,Sr. Diego Carvalho,D. Carvalho
435,Gabi,Gabi Melo,Gabi Melo Lima,Sra. Gabi Melo,G. Melo
436,Ana,Ana Gomes,Ana Gomes Macedo,Sr. Ana Gomes,A. Gomes
437,Pedro,Pedro Lima,Pedro Lima Pereira,Sra. Pedro Lima,P. Lima
438,Rafael,Rafael Macedo,Rafael Macedo Faria,Sr. Rafael Macedo,R. Macedo
439,Igor,Igor Gomes,Igor Gomes Araujo,Sra. Igor Gomes,I. Gomes
440,Mariana,Mariana Cruz,Mariana Cruz Ferreira,Sr. Mariana Cruz,M. Cruz
441,Fabio,Fabio Cruz,Fabio Cruz Macedo,Sra. Fabio Cruz,F. Cruz
442,Erica,Erica Costa,Erica Costa Costa,Sr. Erica Costa,E. Costa
443,Igor,Igor Oliveira,Igor Oliveira Carvalho,Sra. Igor Oliveira,I. Oliveira
444,Fabio,Fabio Rodrigues,Fabio Rodrigues Carvalho,Sr. Fabio Rodrigues,F. Rodrigues
445,Bruno,Bruno Melo,Bruno Melo Araujo,Sra. Bruno Melo,B. Melo
446,Erica,Erica Costa,Erica Costa Gomes,Sr. Erica Costa,E. Costa
447,Erica,Erica Gomes,Erica Gomes Alves,Sra. Erica Gomes,E. Gomes
448,Clara,Clara Pereira,Clara Pereira Dias,Sr. Clara Pereira,C. Pereira
449,Ana,Ana Lima,Ana Lima Lima,Sra. Ana Lima,A. Lima
450,Ana,Ana Carvalho,Ana Carvalho Costa,Sr. Ana Carvalho,A. Carvalho
451,Clara,Clara Pereira,Clara Pereira Paiva,Sra. Clara Pereira,C. Pereira
452,Joao,Joao Faria,Joao Faria Paiva,Sr. Joao Faria,J. Faria
453,Igor,Igor Gomes,Igor Gomes Costa,Sra. Igor Gomes,I. Gomes
454,Erica,Erica Martins,Erica Martins Carvalho,Sr. Erica Martins,E. Martins
455,Joao,Joao Ferreira,Joao Ferreira Macedo,Sra. Joao Ferreira,J. Ferreira
456,Paula,Paula Martins,Paula Martins Costa,Sr. Paula Martins,P. Martins
457,Jose,Jose Cruz,Jose Cruz Oliveira,Sra. Jose Cruz,J. Cruz
458,Pedro,Pedro Dias,Pedro Dias Rodrigues,Sr. Pedro Dias,P. Dias
459,Carlos,Carlos Martins,Carlos Martins Paiva,Sra. Carlos Martins,C. Martins
460,Clara,Clara Costa,Clara Costa Alves,Sr. Clara Costa,C. Costa
461,Jose,Jose Rodrigues,Jose Rodrigues Carvalho,Sra. Jose Rodrigues,J. Rodrigues
462,Igor,Igor Macedo,Igor Macedo Macedo,Sr. Igor Macedo,I. Macedo
463,Igor,Igor Silva,Igor Silva Macedo,Sra. Igor Silva,I. Silva
464,Rafael,Rafael Silva,Rafael Silva Santos,Sr. Rafael Silva,R. Silva
465,Rafael,Rafael Ferreira,Rafael Ferreira Gomes,Sra. Rafael Ferreira,R. Ferreira
466,Clara,Clara Silva,Clara Silva Santos,Sr. Clara Silva,C. Silva
467,Pedro,Pedro Faria,Pedro Faria Araujo,Sra. Pedro Faria,P. Faria
468,Ana,Ana Pereira,Ana Pereira Silva,Sr. Ana Pereira,A. Pereira
469,Ana,Ana Cruz,Ana Cruz Oliveira,Sra. Ana Cruz,A. Cruz
470,Diego,Diego Carvalho,Diego Carvalho Melo,Sr. Diego Carvalho,D. Carvalho
471,Bruno,Bruno Santos,Bruno Santos Martins,Sra. Bruno Santos,B. Santos
472,Paula,Paula Gomes,Paula Gomes Faria,Sr. Paula Gomes,P. Gomes
473,Mariana,Mariana Lima,Mariana Lima Souza,Sra. Mariana Lima,M. Lima
474,Pedro,Pedro Santos,Pedro Santos Macedo,Sr. Pedro Santos,P. Santos
475,Joao,Joao Lima,Joao Lima Alves,Sra. Joao Lima,J. Lima
476,Fabio,Fabio Carvalho,Fabio Carvalho Dias,Sr. Fabio Carvalho,F. Carvalho
477,Mariana,Mariana Melo,Mariana Melo Carvalho,Sra. Mariana Melo,M. Melo
478,Rafael,Rafael Oliveira,Rafael Oliveira Cruz,Sr. Rafael Oliveira,R. Oliveira
479,Carlos,Carlos Martins,Carlos Martins Carvalho,Sra. Carlos Martins,C. Martins
480,Carlos,Carlos Ferreira,Carlos Ferreira Faria,Sr. Carlos Ferreira,C. Ferreira
481,Gabi,Gabi Cruz,Gabi Cruz Ferreira,Sra. Gabi Cruz,G. Cruz
482,Joao,Joao Rodrigues,Joao Rodrigues Araujo,Sr. Joao Rodrigues,J. Rodrigues
483,Mariana,Mariana Souza,Mariana Souza Silva,Sra. Mariana Souza,M. Souza
484,Lucas,Lucas Ferreira,Lucas Ferreira Oliveira,Sr. Lucas Ferreira,L. Ferreira
485,Pedro,Pedro Alves,Pedro Alves Ferreira,Sra. Pedro Alves,P. Alves
486,Bruno,Bruno Costa,Bruno Costa Silva,Sr. Bruno Costa,B. Costa
487,Gabi,Gabi Carvalho,Gabi Carvalho Santos,Sra. Gabi Carvalho,G. Carvalho
488,Pedro,Pedro Araujo,Pedro Araujo Paiva,Sr. Pedro Araujo,P. Araujo
489,Julia,Julia Cruz,Julia Cruz Paiva,Sra. Julia Cruz,J. Cruz
490,Clara,Clara Lima,Clara Lima Araujo,Sr. Clara Lima,C. Lima
491,Joao,Joao Carvalho,Joao Carvalho Silva,Sra. Joao Carvalho,J. Carvalho
492,Fabio,Fabio Lima,Fabio Lima Gomes,Sr. Fabio Lima,F. Lima
493,Jose,Jose Carvalho,Jose Carvalho Faria,Sra. Jose Carvalho,J. Carvalho
494,Diego,Diego Carvalho,Diego Carvalho Ferreira,Sr. Diego Carvalho,D. Carvalho
495,Carlos,Carlos Araujo,Carlos Araujo Silva,Sra. Carlos Araujo,C. Araujo
496,Bruno,Bruno Santos,Bruno Santos Macedo,Sr. Bruno Santos,B. Santos
497,Fabio,Fabio Martins,Fabio Martins Lima,Sra. Fabio Martins,F. Martins
498,Erica,Erica Costa,Erica Costa Rodrigues,Sr. Erica Costa,E. Costa
499,Erica,Erica Faria,Erica Faria Araujo,Sra. Erica Faria,E. Faria
500,Heitor,Heitor Lima,Heitor Lima Araujo,Sr. Heitor Lima,H. Lima
501,Paula,Paula Gomes,Paula Gomes Rodrigues,Sra. Paula Gomes,P. Gomes
502,Bruno,Bruno Santos,Bruno Santos Lima,Sr. Bruno Santos,B. Santos
503,Heitor,Heitor Costa,Heitor Costa Cruz,Sra. Heitor Costa,H. Costa
504,Heitor,Heitor Oliveira,Heitor Oliveira Martins,Sr. Heitor Oliveira,H. Oliveira
505,Clara,Clara Pereira,Clara Pereira Rodrigues,Sra. Clara Pereira,C. Pereira
506,Carlos,Carlos Pereira,Carlos Pereira Alves,Sr. Carlos Pereira,C. Pereira
507,Lucas,Lucas Santos,Lucas Santos Macedo,Sra. Lucas Santos,L. Santos
508,Pedro,Pedro Lima,Pedro Lima Santos,Sr. Pedro Lima,P. Lima
509,Gabi,Gabi Melo,Gabi Melo Faria,Sra. Gabi Melo,G. Melo
510,Jose,Jose Melo,Jose Melo Faria,Sr. Jose Melo,J. Melo
511,Mariana,Mariana Gomes,Mariana Gomes Gomes,Sra. Mariana Gomes,M. Gomes
512,Pedro,Pedro Melo,Pedro Melo Lima,Sr. Pedro Melo,P. Melo
513,Gabi,Gabi Melo,Gabi Melo Ferreira,Sra. Gabi Melo,G. Melo
514,Rafael,Rafael Faria,Rafael Faria Souza,Sr. Rafael Faria,R. Faria
515,Clara,Clara Cruz,Clara Cruz Lima,Sra. Clara Cruz,C. Cruz
516,Paula,Paula Melo,Paula Melo Melo,Sr. Paula Melo,P. Melo
517,Joao,Joao Souza,Joao Souza Martins,Sra. Joao Souza,J. Souza
518,Paula,Paula Lima,Paula Lima Lima,Sr. Paula Lima,P. Lima
519,Mariana,Mariana Macedo,Mariana Macedo Cruz,Sra. Mariana Macedo,M. Macedo
520,Diego,Diego Melo,Diego Melo Faria,Sr. Diego Melo,D. Melo
521,Igor,Igor Souza,Igor Souza Melo,Sra. Igor Souza,I. Souza
522,Jose,Jose Oliveira,Jose Oliveira Gomes,Sr. Jose Oliveira,J. Oliveira
523,Mariana,Mariana Dias,Mariana Dias Cruz,Sra. Mariana Dias,M. Dias
524,Pedro,Pedro Souza,Pedro Souza Melo,Sr. Pedro Souza,P. Souza
525,Carlos,Carlos Gomes,Carlos Gomes Lima,Sra. Carlos Gomes,C. Gomes
526,Heitor,Heitor Santos,Heitor Santos Souza,Sr. Heitor Santos,H. Santos
527,Julia,Julia Melo,Julia Melo Melo,Sra. Julia Melo,J. Melo
528,Heitor,Heitor Cruz,Heitor Cruz Macedo,Sr. Heitor Cruz,H. Cruz
529,Beatriz,Beatriz Martins,Beatriz Martins Martins,Sra. Beatriz Martins,B. Martins
530,Paula,Paula Araujo,Paula Araujo Carvalho,Sr. Paula Araujo,P. Araujo
531,Bruno,Bruno Macedo,Bruno Macedo Souza,Sra. Bruno Macedo,B. Macedo
532,Bruno,Bruno Lima,Bruno Lima Gomes,Sr. Bruno Lima,B. Lima
533,Carlos,Carlos Paiva,Carlos Paiva Araujo,Sra. Carlos Paiva,C. Paiva
534,Paula,Paula Alves,Paula Alves Macedo,Sr. Paula Alves,P. Alves
535,Pedro,Pedro Gomes,Pedro Gomes Lima,Sra. Pedro Gomes,P. Gomes
536,Jose,Jose Pereira,Jose Pereira Martins,Sr. Jose Pereira,J. Pereira
537,Paula,Paula Araujo,Paula Araujo Pereira,Sra. Paula Araujo,P. Araujo
538,Mariana,Mariana Lima,Mariana Lima Ferreira,Sr. Mariana Lima,M. Lima
539,Igor,Igor Araujo,Igor Araujo Gomes,Sra. Igor Araujo,I. Araujo
540,Pedro,Pedro Cruz,Pedro Cruz Lima,Sr. Pedro Cruz,P. Cruz
541,Erica,Erica Cruz,Erica Cruz Martins,Sra. Erica Cruz,E. Cruz
542,Maria,Maria Martins,Maria Martins Ferreira,Sr. Maria Martins,M. Martins
543,Beatriz,Beatriz Oliveira,Beatriz Oliveira Gomes,Sra. Beatriz Oliveira,B. Oliveira
544,Gabi,Gabi Oliveira,Gabi Oliveira Rodrigues,Sr. Gabi Oliveira,G. Oliveira
545,Pedro,Pedro Pereira,Pedro Pereira Lima,Sra. Pedro Pereira,P. Pereira
546,Paula,Paula Costa,Paula Costa Cruz,Sr. Paula Costa,P. Costa
547,Igor,Igor Cruz,Igor Cruz Souza,Sra. Igor Cruz,I. Cruz
548,Bruno,Bruno Macedo,Bruno Macedo Pereira,Sr. Bruno Macedo,B. Macedo
549,Mariana,Mariana Araujo,Mariana Araujo Pereira,Sra. Mariana Araujo,M. Araujo
550,Beatriz,Beatriz Santos,Beatriz Santos Macedo,Sr. Beatriz Santos,B. Santos
551,Beatriz,Beatriz Melo,Beatriz Melo Souza,Sra. Beatriz Melo,B. Melo
552,Erica,Erica Martins,Erica Martins Rodrigues,Sr. Erica Martins,E. Martins
553,Fabio,Fabio Macedo,Fabio Macedo Ferreira,Sra. Fabio Macedo,F. Macedo
554,Fabio,Fabio Rodrigues,Fabio Rodrigues Paiva,Sr. Fabio Rodrigues,F. Rodrigues
555,Julia,Julia Ferreira,Julia Ferreira Dias,Sra. Julia Ferreira,J. Ferreira
556,Lucas,Lucas Martins,Lucas Martins Faria,Sr. Lucas Martins,L. Martins
557,Fabio,Fabio Melo,Fabio Melo Ferreira,Sra. Fabio Melo,F. Melo
558,Diego,Diego Cruz,Diego Cruz Cruz,Sr. Diego Cruz,D. Cruz
559,Erica,Erica Santos,Erica Santos Oliveira,Sra. Erica Santos,E. Santos
560,Mariana,Mariana Pereira,Mariana Pereira Alves,Sr. Mariana Pereira,M. Pereira
561,Joao,Joao Dias,Joao Dias Martins,Sra. Joao Dias,J. Dias
562,Igor,Igor Costa,Igor Costa Cruz,Sr. Igor Costa,I. Costa
563,Carlos,Carlos Ferreira,Carlos Ferreira Lima,Sra. Carlos Ferreira,C. Ferreira
564,Beatriz,Beatriz Alves,Beatriz Alves Melo,Sr. Beatriz Alves,B. Alves
565,Heitor,Heitor Pereira,Heitor Pereira Carvalho,Sra. Heitor Pereira,H. Pereira
566,Ana,Ana Rodrigues,Ana Rodrigues Melo,Sr. Ana Rodrigues,A. Rodrigues
567,Clara,Clara Silva,Clara Silva Carvalho,Sra. Clara Silva,C. Silva
568,Joao,Joao Araujo,Joao Araujo Cruz,Sr. Joao Araujo,J. Araujo
569,Clara,Clara Rodrigues,Clara Rodrigues Araujo,Sra. Clara Rodrigues,C. Rodrigues
570,Ana,Ana Martins,Ana Martins Rodrigues,Sr. Ana Martins,A. Martins
571,Maria,Maria Gomes,Maria Gomes Costa,Sra. Maria Gomes,M. Gomes
572,Bruno,Bruno Pereira,Bruno Pereira Pereira,Sr. Bruno Pereira,B. Pereira
573,Joao,Joao Ferreira,Joao Ferreira Dias,Sra. Joao Ferreira,J. Ferreira
574,Pedro,Pedro Dias,Pedro Dias Melo,Sr. Pedro Dias,P. Dias
575,Mariana,Mariana Silva,Mariana Silva Lima,Sra. Mariana Silva,M. Silva
576,Maria,Maria Alves,Maria Alves Oliveira,Sr. Maria Alves,M. Alves
577,Pedro,Pedro Paiva,Pedro Paiva Macedo,Sra. Pedro Paiva,P. Paiva
578,Heitor,Heitor Carvalho,Heitor Carvalho Costa,Sr. Heitor Carvalho,H. Carvalho
579,Paula,Paula Rodrigues,Paula Rodrigues Ferreira,Sra. Paula Rodrigues,P. Rodrigues
580,Carlos,Carlos Souza,Carlos Souza Rodrigues,Sr. Carlos Souza,C. Souza
581,Erica,Erica Macedo,Erica Macedo Melo,Sra. Erica Macedo,E. Macedo
582,Ana,Ana Costa,Ana Costa Dias,Sr. Ana Costa,A. Costa
583,Mariana,Mariana Paiva,Mariana Paiva Silva,Sra. Mariana Paiva,M. Paiva
584,Heitor,Heitor Faria,Heitor Faria Rodrigues,Sr. Heitor Faria,H. Faria
585,Pedro,Pedro Ferreira,Pedro Ferreira Carvalho,Sra. Pedro Ferreira,P. Ferreira
586,Maria,Maria Macedo,Maria Macedo Martins,Sr. Maria Macedo,M. Macedo
587,Julia,Julia Faria,Julia Faria Carvalho,Sra. Julia Faria,J. Faria
588,Beatriz,Beatriz Lima,Beatriz Lima Cruz,Sr. Beatriz Lima,B. Lima
589,Clara,Clara Lima,Clara Lima Cruz,Sra. Clara Lima,C. Lima
590,Igor,Igor Cruz,Igor Cruz Cruz,Sr. Igor Cruz,I. Cruz
591,Igor,Igor Silva,Igor Silva Araujo,Sra. Igor Silva,I. Silva
592,Gabi,Gabi Souza,Gabi Souza Araujo,Sr. Gabi Souza,G. Souza
593,Clara,Clara Alves,Clara Alves Silva,Sra. Clara Alves,C. Alves
594,Clara,Clara Lima,Clara Lima Martins,Sr. Clara Lima,C. Lima
595,Julia,Julia Costa,Julia Costa Faria,Sra. Julia Costa,J. Costa
596,Bruno,Bruno Pereira,Bruno Pereira Souza,Sr. Bruno Pereira,B. Pereira
597,Clara,Clara Paiva,Clara Paiva Gomes,Sra. Clara Paiva,C. Paiva
598,Beatriz,Beatriz Melo,Beatriz Melo Dias,Sr. Beatriz Melo,B. Melo
599,Beatriz,Beatriz Pereira,Beatriz Pereira Lima,Sra. Beatriz Pereira,B. Pereira
600,Fabio,Fabio Souza,Fabio Souza Ferreira,Sr. Fabio Souza,F. Souza
601,Lucas,Lucas Souza,Lucas Souza Oliveira,Sra. Lucas Souza,L. Souza
602,Joao,Joao Gomes,Joao Gomes Ferreira,Sr. Joao Gomes,J. Gomes
603,Heitor,Heitor Araujo,Heitor Araujo Paiva,Sra. Heitor Araujo,H. Araujo
604,Gabi,Gabi Alves,Gabi Alves Souza,Sr. Gabi Alves,G. Alves
605,Lucas,Lucas Ferreira,Lucas Ferreira Martins,Sra. Lucas Ferreira,L. Ferreira
606,Joao,Joao Gomes,Joao Gomes Alves,Sr. Joao Gomes,J. Gomes
607,Carlos,Carlos Martins,Carlos Martins Carvalho,Sra. Carlos Martins,C. Martins
608,Diego,Diego Melo,Diego Melo Araujo,Sr. Diego Melo,D. Melo
609,Bruno,Bruno Santos,Bruno Santos Dias,Sra. Bruno Santos,B. Santos
610,Gabi,Gabi Martins,Gabi Martins Cruz,Sr. Gabi Martins,G. Martins
611,Rafael,Rafael Lima,Rafael Lima Carvalho,Sra. Rafael Lima,R. Lima
612,Ana,Ana Carvalho,Ana Carvalho Macedo,Sr. Ana Carvalho,A. Carvalho
613,Beatriz,Beatriz Paiva,Beatriz Paiva Ferreira,Sra. Beatriz Paiva,B. Paiva
614,Bruno,Bruno Costa,Bruno Costa Lima,Sr. Bruno Costa,B. Costa
615,Bruno,Bruno Ferreira,Bruno Ferreira Ferreira,Sra. Bruno Ferreira,B. Ferreira
616,Fabio,Fabio Macedo,Fabio Macedo Carvalho,Sr. Fabio Macedo,F. Macedo
617,Beatriz,Beatriz Melo,Beatriz Melo Martins,Sra. Beatriz Melo,B. Melo
618,Fabio,Fabio Souza,Fabio Souza Martins,Sr. Fabio Souza,F. Souza
619,Mariana,Mariana Carvalho,Mariana Carvalho Alves,Sra. Mariana Carvalho,M. Carvalho
620,Joao,Joao Lima,Joao Lima Araujo,Sr. Joao Lima,J. Lima
621,Clara,Clara Cruz,Clara Cruz Santos,Sra. Clara Cruz,C. Cruz
622,Maria,Maria Pereira,Maria Pereira Macedo,Sr. Maria Pereira,M. Pereira
623,Fabio,Fabio Souza,Fabio Souza Pereira,Sra. Fabio Souza,F. Souza
624,Ana,Ana Rodrigues,Ana Rodrigues Martins,Sr. Ana Rodrigues,A. Rodrigues
625,Clara,Clara Araujo,Clara Araujo Faria,Sra. Clara Araujo,C. Araujo
626,Joao,Joao Macedo,Joao Macedo Pereira,Sr. Joao Macedo,J. Macedo
627,Fabio,Fabio Martins,Fabio Martins Martins,Sra. Fabio Martins,F. Martins
628,Fabio,Fabio Lima,Fabio Lima Faria,Sr. Fabio Lima,F. Lima
629,Pedro,Pedro Cruz,Pedro Cruz Martins,Sra. Pedro Cruz,P. Cruz
630,Diego,Diego Gomes,Diego Gomes Alves,Sr. Diego Gomes,D. Gomes
631,Julia,Julia Costa,Julia Costa Silva,Sra. Julia Costa,J. Costa
632,Beatriz,Beatriz Dias,Beatriz Dias Cruz,Sr. Beatriz Dias,B. Dias
633,Diego,Diego Paiva,Diego Paiva Costa,Sra. Diego Paiva,D. Paiva
634,Rafael,Rafael Alves,Rafael Alves Melo,Sr. Rafael Alves,R. Alves
635,Lucas,Lucas Macedo,Lucas Macedo Ferreira,Sra. Lucas Macedo,L. Macedo
636,Gabi,Gabi Oliveira,Gabi Oliveira Costa,Sr. Gabi Oliveira,G. Oliveira
637,Pedro,Pedro Lima,Pedro Lima Melo,Sra. Pedro Lima,P. Lima
638,Beatriz,Beatriz Melo,Beatriz Melo Lima,Sr. Beatriz Melo,B. Melo
639,Bruno,Bruno Martins,Bruno Martins Lima,Sra. Bruno Martins,B. Martins
640,Igor,Igor Paiva,Igor Paiva Ferreira,Sr. Igor Paiva,I. Paiva
641,Paula,Paula Santos,Paula Santos Santos,Sra. Paula Santos,P. Santos
642,Clara,Clara Cruz,Clara Cruz Rodrigues,Sr. Clara Cruz,C. Cruz
643,Carlos,Carlos Oliveira,Carlos Oliveira Pereira,Sra. Carlos Oliveira,C. Oliveira
644,Julia,Julia Dias,Julia Dias Silva,Sr. Julia Dias,J. Dias
645,Clara,Clara Paiva,Clara Paiva Faria,Sra. Clara Paiva,C. Paiva
646,Clara,Clara Melo,Clara Melo Paiva,Sr. Clara Melo,C. Melo
647,Pedro,Pedro Macedo,Pedro Macedo Lima,Sra. Pedro Macedo,P. Macedo
648,Ana,Ana Ferreira,Ana Ferreira Araujo,Sr. Ana Ferreira,A. Ferreira
649,Gabi,Gabi Cruz,Gabi Cruz Carvalho,Sra. Gabi Cruz,G. Cruz
650,Erica,Erica Faria,Erica Faria Lima,Sr. Erica Faria,E. Faria
651,Pedro,Pedro Gomes,Pedro Gomes Lima,Sra. Pedro Gomes,P. Gomes
652,Fabio,Fabio Melo,Fabio Melo Cruz,Sr. Fabio Melo,F. Melo
653,Clara,Clara Pereira,Clara Pereira Paiva,Sra. Clara Pereira,C. Pereira
654,Jose,Jose Santos,Jose Santos Pereira,Sr. Jose Santos,J. Santos
655,Erica,Erica Cruz,Erica Cruz Souza,Sra. Erica Cruz,E. Cruz
656,Carlos,Carlos Cruz,Carlos Cruz Pereira,Sr. Carlos Cruz,C. Cruz
657,Paula,Paula Santos,Paula Santos Santos,Sra. Paula Santos,P. Santos
658,Bruno,Bruno Rodrigues,Bruno Rodrigues Martins,Sr. Bruno Rodrigues,B. Rodrigues
659,Heitor,Heitor Ferreira,Heitor Ferreira Lima,Sra. Heitor Ferreira,H. Ferreira
660,Rafael,Rafael Oliveira,Rafael Oliveira Paiva,Sr. Rafael Oliveira,R. Oliveira
661,Rafael,Rafael Pereira,Rafael Pereira Ferreira,Sra. Rafael Pereira,R. Pereira
662,Mariana,Mariana Paiva,Mariana Paiva Lima,Sr. Mariana Paiva,M. Paiva
663,Heitor,Heitor Santos,Heitor Santos Faria,Sra. Heitor Santos,H. Santos
664,Jose,Jose Pereira,Jose Pereira Santos,Sr. Jose Pereira,J. Pereira
665,Mariana,Mariana Macedo,Mariana Macedo Gomes,Sra. Mariana Macedo,M. Macedo
666,Jose,Jose Souza,Jose Souza Silva,Sr. Jose Souza,J. Souza
667,Ana,Ana Souza,Ana Souza Faria,Sra. Ana Souza,A. Souza
668,Rafael,Rafael Oliveira,Rafael Oliveira Faria,Sr. Rafael Oliveira,R. Oliveira
669,Erica,Erica Macedo,Erica Macedo Silva,Sra. Erica Macedo,E. Macedo
670,Gabi,Gabi Paiva,Gabi Paiva Ferreira,Sr. Gabi Paiva,G. Paiva
671,Paula,Paula Dias,Paula Dias Rodrigues,Sra. Paula Dias,P. Dias
672,Diego,Diego Ferreira,Diego Ferreira Melo,Sr. Diego Ferreira,D. Ferreira
673,Ana,Ana Souza,Ana Souza Santos,Sra. Ana Souza,A. Souza
674,Fabio,Fabio Carvalho,Fabio Carvalho Dias,Sr. Fabio Carvalho,F. Carvalho
675,Fabio,Fabio Oliveira,Fabio Oliveira Gomes,Sra. Fabio Oliveira,F. Oliveira
676,Mariana,Mariana Pereira,Mariana Pereira Gomes,Sr. Mariana Pereira,M. Pereira
677,Bruno,Bruno Martins,Bruno Martins Araujo,Sra. Bruno Martins,B. Martins
678,Pedro,Pedro Martins,Pedro Martins Cruz,Sr. Pedro Martins,P. Martins
679,Igor,Igor Costa,Igor Costa Gomes,Sra. Igor Costa,I. Costa
680,Julia,Julia Melo,Julia Melo Costa,Sr. Julia Melo,J. Melo
681,Rafael,Rafael Melo,Rafael Melo Rodrigues,Sra. Rafael Melo,R. Melo
682,Pedro,Pedro Costa,Pedro Costa Souza,Sr. Pedro Costa,P. Costa
683,Paula,Paula Araujo,Paula Araujo Macedo,Sra. Paula Araujo,P. Araujo
684,Erica,Erica Rodrigues,Erica Rodrigues Santos,Sr. Erica Rodrigues,E. Rodrigues
685,Bruno,Bruno Faria,Bruno Faria Gomes,Sra. Bruno Faria,B. Faria
686,Lucas,Lucas Santos,Lucas Santos Dias,Sr. Lucas Santos,L. Santos
687,Heitor,Heitor Melo,Heitor Melo Dias,Sra. Heitor Melo,H. Melo
688,Paula,Paula Dias,Paula Dias Silva,Sr. Paula Dias,P. Dias
689,Ana,Ana Araujo,Ana Araujo Cruz,Sra. Ana Araujo,A. Araujo
690,Fabio,Fabio Rodrigues,Fabio Rodrigues Oliveira,Sr. Fabio Rodrigues,F. Rodrigues
691,Jose,Jose Martins,Jose Martins Souza,Sra. Jose Martins,J. Martins
692,Joao,Joao Ferreira,Joao Ferreira Dias,Sr. Joao Ferreira,J. Ferreira
693,Mariana,Mariana Dias,Mariana Dias Ferreira,Sra. Mariana Dias,M. Dias
694,Igor,Igor Silva,Igor Silva Costa,Sr. Igor Silva,I. Silva
695,Erica,Erica Pereira,Erica Pereira Alves,Sra. Erica Pereira,E. Pereira
696,Clara,Clara Araujo,Clara Araujo Martins,Sr. Clara Araujo,C. Araujo
697,Joao,Joao Araujo,Joao Araujo Souza,Sra. Joao Araujo,J. Araujo
698,Jose,Jose Paiva,Jose Paiva Oliveira,Sr. Jose Paiva,J. Paiva
699,Clara,Clara Paiva,Clara Paiva Ferreira,Sra. Clara Paiva,C. Paiva
700,Ana,Ana Araujo,Ana Araujo Cruz,Sr. Ana Araujo,A. Araujo
701,Fabio,Fabio Paiva,Fabio Paiva Alves,Sra. Fabio Paiva,F. Paiva
702,Mariana,Mariana Macedo,Mariana Macedo Costa,Sr. Mariana Macedo,M. Macedo
703,Pedro,Pedro Costa,Pedro Costa Araujo,Sra. Pedro Costa,P. Costa
704,Clara,Clara Gomes,Clara Gomes Paiva,Sr. Clara Gomes,C. Gomes
705,Clara,Clara Pereira,Clara Pereira Oliveira,Sra. Clara Pereira,C. Pereira
706,Mariana,Mariana Cruz,Mariana Cruz Araujo,Sr. Mariana Cruz,M. Cruz
707,Heitor,Heitor Souza,Heitor Souza Souza,Sra. Heitor Souza,H. Souza
708,Joao,Joao Pereira,Joao Pereira Gomes,Sr. Joao Pereira,J. Pereira
709,Gabi,Gabi Cruz,Gabi Cruz Melo,Sra. Gabi Cruz,G. Cruz
710,Pedro,Pedro Macedo,Pedro Macedo Cruz,Sr. Pedro Macedo,P. Macedo
711,Pedro,Pedro Gomes,Pedro Gomes Macedo,Sra. Pedro Gomes,P. Gomes
712,Bruno,Bruno Santos,Bruno Santos Araujo,Sr. Bruno Santos,B. Santos
713,Mariana,Mariana Ferreira,Mariana Ferreira Faria,Sra. Mariana Ferreira,M. Ferreira
714,Bruno,Bruno Cruz,Bruno Cruz Cruz,Sr. Bruno Cruz,B. Cruz
715,Igor,Igor Dias,Igor Dias Faria,Sra. Igor Dias,I. Dias
716,Paula,Paula Dias,Paula Dias Silva,Sr. Paula Dias,P. Dias
717,Clara,Clara Gomes,Clara Gomes Costa,Sra. Clara Gomes,C. Gomes
718,Erica,Erica Faria,Erica Faria Ferreira,Sr. Erica Faria,E. Faria
719,Maria,Maria Macedo,Maria Macedo Dias,Sra. Maria Macedo,M. Macedo
720,Rafael,Rafael Faria,Rafael Faria Faria,Sr. Rafael Faria,R. Faria
721,Julia,Julia Souza,Julia Souza Faria,Sra. Julia Souza,J. Souza
722,Gabi,Gabi Santos,Gabi Santos Cruz,Sr. Gabi Santos,G. Santos
723,Mariana,Mariana Araujo,Mariana Araujo Pereira,Sra. Mariana Araujo,M. Araujo
724,Julia,Julia Souza,Julia Souza Faria,Sr. Julia Souza,J. Souza
725,Carlos,Carlos Oliveira,Carlos Oliveira Silva,Sra. Carlos Oliveira,C. Oliveira
726,Fabio,Fabio Gomes,Fabio Gomes Carvalho,Sr. Fabio Gomes,F. Gomes
727,Pedro,Pedro Carvalho,Pedro Carvalho Oliveira,Sra. Pedro Carvalho,P. Carvalho
728,Erica,Erica Cruz,Erica Cruz Macedo,Sr. Erica Cruz,E. Cruz
729,Gabi,Gabi Souza,Gabi Souza Pereira,Sra. Gabi Souza,G. Souza
730,Heitor,Heitor Oliveira,Heitor Oliveira Paiva,Sr. Heitor Oliveira,H. Oliveira
731,Bruno,Bruno Dias,Bruno Dias Cruz,Sra. Bruno Dias,B. Dias
732,Diego,Diego Gomes,Diego Gomes Santos,Sr. Diego Gomes,D. Gomes
733,Fabio,Fabio Paiva,Fabio Paiva Gomes,Sra. Fabio Paiva,F. Paiva
734,Igor,Igor Martins,Igor Martins Alves,Sr. Igor Martins,I. Martins
735,Mariana,Mariana Dias,Mariana Dias Oliveira,Sra. Mariana Dias,M. Dias
736,Julia,Julia Alves,Julia Alves Paiva,Sr. Julia Alves,J. Alves
737,Paula,Paula Rodrigues,Paula Rodrigues Ferreira,Sra. Paula Rodrigues,P. Rodrigues
738,Paula,Paula Oliveira,Paula Oliveira Dias,Sr. Paula Oliveira,P. Oliveira
739,Bruno,Bruno Dias,Bruno Dias Martins,Sra. Bruno Dias,B. Dias
740,Igor,Igor Alves,Igor Alves Ferreira,Sr. Igor Alves,I. Alves
741,Carlos,Carlos Faria,Carlos Faria Paiva,Sra. Carlos Faria,C. Faria
742,Diego,Diego Araujo,Diego Araujo Martins,Sr. Diego Araujo,D. Araujo
743,Pedro,Pedro Ferreira,Pedro Ferreira Souza,Sra. Pedro Ferreira,P. Ferreira
744,Paula,Paula Lima,Paula Lima Martins,Sr. Paula Lima,P. Lima
745,Fabio,Fabio Alves,Fabio Alves Dias,Sra. Fabio Alves,F. Alves
746,Lucas,Lucas Oliveira,Lucas Oliveira Paiva,Sr. Lucas Oliveira,L. Oliveira
747,Rafael,Rafael Paiva,Rafael Paiva Alves,Sra. Rafael Paiva,R. Paiva
748,Pedro,Pedro Costa,Pedro Costa Macedo,Sr. Pedro Costa,P. Costa
749,Jose,Jose Rodrigues,Jose Rodrigues Rodrigues,Sra. Jose Rodrigues,J. Rodrigues
750,Joao,Joao Cruz,Joao Cruz Rodrigues,Sr. Joao Cruz,J. Cruz
751,Julia,Julia Souza,Julia Souza Costa,Sra. Julia Souza,J. Souza
752,Erica,Erica Gomes,Erica Gomes Dias,Sr. Erica Gomes,E. Gomes
753,Carlos,Carlos Pereira,Carlos Pereira Silva,Sra. Carlos Pereira,C. Pereira
754,Igor,Igor Santos,Igor Santos Carvalho,Sr. Igor Santos,I. Santos
755,Gabi,Gabi Dias,Gabi Dias Oliveira,Sra. Gabi Dias,G. Dias
756,Paula,Paula Gomes,Paula Gomes Ferreira,Sr. Paula Gomes,P. Gomes
757,Joao,Joao Lima,Joao Lima Faria,Sra. Joao Lima,J. Lima
758,Julia,Julia Paiva,Julia Paiva Souza,Sr. Julia Paiva,J. Paiva
759,Beatriz,Beatriz Carvalho,Beatriz Carvalho Santos,Sra. Beatriz Carvalho,B. Carvalho
760,Joao,Joao Araujo,Joao Araujo Dias,Sr. Joao Araujo,J. Araujo
761,Beatriz,Beatriz Ferreira,Beatriz Ferreira Souza,Sra. Beatriz Ferreira,B. Ferreira
762,Maria,Maria Ferreira,Maria Ferreira Faria,Sr. Maria Ferreira,M. Ferreira
763,Mariana,Mariana Costa,Mariana Costa Gomes,Sra. Mariana Costa,M. Costa
764,Paula,Paula Melo,Paula Melo Paiva,Sr. Paula Melo,P. Melo
765,Heitor,Heitor Dias,Heitor Dias Pereira,Sra. Heitor Dias,H. Dias
766,Heitor,Heitor Melo,Heitor Melo Alves,Sr. Heitor Melo,H. Melo
767,Lucas,Lucas Costa,Lucas Costa Gomes,Sra. Lucas Costa,L. Costa
768,Beatriz,Beatriz Melo,Beatriz Melo Alves,Sr. Beatriz Melo,B. Melo
769,Beatriz,Beatriz Silva,Beatriz Silva Gomes,Sra. Beatriz Silva,B. Silva
770,Paula,Paula Faria,Paula Faria Oliveira,Sr. Paula Faria,P. Faria
771,Beatriz,Beatriz Macedo,Beatriz Macedo Araujo,Sra. Beatriz Macedo,B. Macedo
772,Erica,Erica Cruz,Erica Cruz Gomes,Sr. Erica Cruz,E. Cruz
773,Ana,Ana Araujo,Ana Araujo Costa,Sra. Ana Araujo,A. Araujo
774,Beatriz,Beatriz Pereira,Beatriz Pereira Dias,Sr. Beatriz Pereira,B. Pereira
775,Bruno,Bruno Rodrigues,Bruno Rodrigues Silva,Sra. Bruno Rodrigues,B. Rodrigues
776,Rafael,Rafael Araujo,Rafael Araujo Rodrigues,Sr. Rafael Araujo,R. Araujo
777,Fabio,Fabio Alves,Fabio Alves Gomes,Sra. Fabio Alves,F. Alves
778,Paula,Paula Faria,Paula Faria Faria,Sr. Paula Faria,P. Faria
779,Maria,Maria Alves,Maria Alves Martins,Sra. Maria Alves,M. Alves
780,Julia,Julia Souza,Julia Souza Costa,Sr. Julia Souza,J. Souza
781,Fabio,Fabio Ferreira,Fabio Ferreira Santos,Sra. Fabio Ferreira,F. Ferreira
782,Diego,Diego Cruz,Diego Cruz Ferreira,Sr. Diego Cruz,D. Cruz
783,Carlos,Carlos Ferreira,Carlos Ferreira Martins,Sra. Carlos Ferreira,C. Ferreira
784,Mariana,Mariana Rodrigues,Mariana Rodrigues Rodrigues,Sr. Mariana Rodrigues,M. Rodrigues
785,Pedro,Pedro Dias,Pedro Dias Pereira,Sra. Pedro Dias,P. Dias
786,Fabio,Fabio Macedo,Fabio Macedo Martins,Sr. Fabio Macedo,F. Macedo
787,Erica,Erica Paiva,Erica Paiva Dias,Sra. Erica Paiva,E. Paiva
788,Igor,Igor Oliveira,Igor Oliveira Rodrigues,Sr. Igor Oliveira,I. Oliveira
789,Mariana,Mariana Lima,Mariana Lima Cruz,Sra. Mariana Lima,M. Lima
790,Fabio,Fabio Cruz,Fabio Cruz Martins,Sr. Fabio Cruz,F. Cruz
791,Ana,Ana Faria,Ana Faria Costa,Sra. Ana Faria,A. Faria
792,Joao,Joao Paiva,Joao Paiva Cruz,Sr. Joao Paiva,J. Paiva
793,Lucas,Lucas Faria,Lucas Faria Paiva,Sra. Lucas Faria,L. Faria
794,Pedro,Pedro Santos,Pedro Santos Gomes,Sr. Pedro Santos,P. Santos
795,Heitor,Heitor Melo,Heitor Melo Costa,Sra. Heitor Melo,H. Melo
796,Lucas,Lucas Faria,Lucas Faria Dias,Sr. Lucas Faria,L. Faria
797,Ana,Ana Cruz,Ana Cruz Melo,Sra. Ana Cruz,A. Cruz
798,Joao,Joao Melo,Joao Melo Pereira,Sr. Joao Melo,J. Melo
799,Heitor,Heitor Carvalho,Heitor Carvalho Melo,Sra. Heitor Carvalho,H. Carvalho
800,Jose,Jose Souza,Jose Souza Paiva,Sr. Jose Souza,J. Souza
801,Fabio,Fabio Ferreira,Fabio Ferreira Silva,Sra. Fabio Ferreira,F. Ferreira
802,Diego,Diego Alves,Diego Alves Silva,Sr. Diego Alves,D. Alves
803,Lucas,Lucas Faria,Lucas Faria Lima,Sra. Lucas Faria,L. Faria
804,Joao,Joao Carvalho,Joao Carvalho Martins,Sr. Joao Carvalho,J. Carvalho
805,Ana,Ana Paiva,Ana Paiva Souza,Sra. Ana Paiva,A. Paiva
806,Ana,Ana Dias,Ana Dias Souza,Sr. Ana Dias,A. Dias
807,Paula,Paula Carvalho,Paula Carvalho Santos,Sra. Paula Carvalho,P. Carvalho
808,Pedro,Pedro Carvalho,Pedro Carvalho Martins,Sr. Pedro Carvalho,P. Carvalho
809,Diego,Diego Melo,Diego Melo Araujo,Sra. Diego Melo,D. Melo
810,Diego,Diego Lima,Diego Lima Paiva,Sr. Diego Lima,D. Lima
811,Pedro,Pedro Martins,Pedro Martins Costa,Sra. Pedro Martins,P. Martins
812,Beatriz,Beatriz Paiva,Beatriz Paiva Araujo,Sr. Beatriz Paiva,B. Paiva
813,Heitor,Heitor Pereira,Heitor Pereira Rodrigues,Sra. Heitor Pereira,H. Pereira
814,Maria,Maria Silva,Maria Silva Ferreira,Sr. Maria Silva,M. Silva
815,Fabio,Fabio Paiva,Fabio Paiva Carvalho,Sra. Fabio Paiva,F. Paiva
816,Igor,Igor Araujo,Igor Araujo Rodrigues,Sr. Igor Araujo,I. Araujo
817,Julia,Julia Melo,Julia Melo Martins,Sra. Julia Melo,J. Melo
818,Pedro,Pedro Alves,Pedro Alves Oliveira,Sr. Pedro Alves,P. Alves
819,Carlos,Carlos Souza,Carlos Souza Carvalho,Sra. Carlos Souza,C. Souza
820,Mariana,Mariana Silva,Mariana Silva Rodrigues,Sr. Mariana Silva,M. Silva
821,Lucas,Lucas Lima,Lucas Lima Costa,Sra. Lucas Lima,L. Lima
822,Mariana,Mariana Souza,Mariana Souza Melo,Sr. Mariana Souza,M. Souza
823,Mariana,Mariana Souza,Mariana Souza Rodrigues,Sra. Mariana Souza,M. Souza
824,Joao,Joao Araujo,Joao Araujo Melo,Sr. Joao Araujo,J. Araujo
825,Julia,Julia Paiva,Julia Paiva Oliveira,Sra. Julia Paiva,J. Paiva
826,Joao,Joao Pereira,Joao Pereira Cruz,Sr. Joao Pereira,J. Pereira
827,Paula,Paula Rodrigues,Paula Rodrigues Faria,Sra. Paula Rodrigues,P. Rodrigues
828,Bruno,Bruno Faria,Bruno Faria Macedo,Sr. Bruno Faria,B. Faria
829,Bruno,Bruno Rodrigues,Bruno Rodrigues Ferreira,Sra. Bruno Rodrigues,B. Rodrigues
830,Pedro,Pedro Cruz,Pedro Cruz Rodrigues,Sr. Pedro Cruz,P. Cruz
831,Erica,Erica Ferreira,Erica Ferreira Alves,Sra. Erica Ferreira,E. Ferreira
832,Joao,Joao Paiva,Joao Paiva Faria,Sr. Joao Paiva,J. Paiva
833,Beatriz,Beatriz Carvalho,Beatriz Carvalho Paiva,Sra. Beatriz Carvalho,B. Carvalho
834,Gabi,Gabi Souza,Gabi Souza Martins,Sr. Gabi Souza,G. Souza
835,Diego,Diego Cruz,Diego Cruz Gomes,Sra. Diego Cruz,D. Cruz
836,Erica,Erica Carvalho,Erica Carvalho Pereira,Sr. Erica Carvalho,E. Carvalho
837,Paula,Paula Araujo,Paula Araujo Santos,Sra. Paula Araujo,P. Araujo
838,Igor,Igor Dias,Igor Dias Rodrigues,Sr. Igor Dias,I. Dias
839,Julia,Julia Ferreira,Julia Ferreira Pereira,Sra. Julia Ferreira,J. Ferreira
840,Fabio,Fabio Souza,Fabio Souza Paiva,Sr. Fabio Souza,F. Souza
841,Erica,Erica Carvalho,Erica Carvalho Paiva,Sra. Erica Carvalho,E. Carvalho
842,Heitor,Heitor Pereira,Heitor Pereira Araujo,Sr. Heitor Pereira,H. Pereira
843,Julia,Julia Alves,Julia Alves Oliveira,Sra. Julia Alves,J. Alves
844,Bruno,Bruno Lima,Bruno Lima Melo,Sr. Bruno Lima,B. Lima
845,Clara,Clara Lima,Clara Lima Paiva,Sra. Clara Lima,C. Lima
846,Lucas,Lucas Souza,Lucas Souza Alves,Sr. Lucas Souza,L. Souza
847,Diego,Diego Macedo,Diego Macedo Macedo,Sra. Diego Macedo,D. Macedo
848,Joao,Joao Lima,Joao Lima Oliveira,Sr. Joao Lima,J. Lima
849,Jose,Jose Paiva,Jose Paiva Oliveira,Sra. Jose Paiva,J. Paiva
850,Gabi,Gabi Oliveira,Gabi Oliveira Gomes,Sr. Gabi Oliveira,G. Oliveira
851,Paula,Paula Silva,Paula Silva Oliveira,Sra. Paula Silva,P. Silva
852,Lucas,Lucas Costa,Lucas Costa Dias,Sr. Lucas Costa,L. Costa
853,Julia,Julia Macedo,Julia Macedo Oliveira,Sra. Julia Macedo,J. Macedo
854,Diego,Diego Rodrigues,Diego Rodrigues Paiva,Sr. Diego Rodrigues,D. Rodrigues
855,Bruno,Bruno Ferreira,Bruno Ferreira Araujo,Sra. Bruno Ferreira,B. Ferreira
856,Fabio,Fabio Paiva,Fabio Paiva Martins,Sr. Fabio Paiva,F. Paiva
857,Paula,Paula Alves,Paula Alves Martins,Sra. Paula Alves,P. Alves
858,Heitor,Heitor Dias,Heitor Dias Melo,Sr. Heitor Dias,H. Dias
859,Carlos,Carlos Dias,Carlos Dias Gomes,Sra. Carlos Dias,C. Dias
860,Lucas,Lucas Martins,Lucas Martins Gomes,Sr. Lucas Martins,L. Martins
861,Erica,Erica Souza,Erica Souza Faria,Sra. Erica Souza,E. Souza
862,Julia,Julia Pereira,Julia Pereira Silva,Sr. Julia Pereira,J. Pereira
863,Rafael,Rafael Paiva,Rafael Paiva Faria,Sra. Rafael Paiva,R. Paiva
864,Jose,Jose Carvalho,Jose Carvalho Ferreira,Sr. Jose Carvalho,J. Carvalho
865,Pedro,Pedro Oliveira,Pedro Oliveira Gomes,Sra. Pedro Oliveira,P. Oliveira
866,Julia,Julia Araujo,Julia Araujo Faria,Sr. Julia Araujo,J. Araujo
867,Julia,Julia Dias,Julia Dias Paiva,Sra. Julia Dias,J. Dias
868,Bruno,Bruno Alves,Bruno Alves Dias,Sr. Bruno Alves,B. Alves
869,Gabi,Gabi Melo,Gabi Melo Santos,Sra. Gabi Melo,G. Melo
870,Clara,Clara Santos,Clara Santos Pereira,Sr. Clara Santos,C. Santos
871,Igor,Igor Dias,Igor Dias Santos,Sra. Igor Dias,I. Dias
872,Igor,Igor Souza,Igor Souza Cruz,Sr. Igor Souza,I. Souza
873,Joao,Joao Lima,Joao Lima Souza,Sra. Joao Lima,J. Lima
874,Maria,Maria Carvalho,Maria Carvalho Pereira,Sr. Maria Carvalho,M. Carvalho
875,Julia,Julia Lima,Julia Lima Pereira,Sra. Julia Lima,J. Lima
876,Maria,Maria Oliveira,Maria Oliveira Cruz,Sr. Maria Oliveira,M. Oliveira
877,Fabio,Fabio Martins,Fabio Martins Souza,Sra. Fabio Martins,F. Martins
878,Mariana,Mariana Macedo,Mariana Macedo Dias,Sr. Mariana Macedo,M. Macedo
879,Gabi,Gabi Silva,Gabi Silva Silva,Sra. Gabi Silva,G. Silva
880,Igor,Igor Paiva,Igor Paiva Carvalho,Sr. Igor Paiva,I. Paiva
881,Maria,Maria Silva,Maria Silva Cruz,Sra. Maria Silva,M. Silva
882,Rafael,Rafael Paiva,Rafael Paiva Ferreira,Sr. Rafael Paiva,R. Paiva
883,Maria,Maria Cruz,Maria Cruz Carvalho,Sra. Maria Cruz,M. Cruz
884,Beatriz,Beatriz Costa,Beatriz Costa Costa,Sr. Beatriz Costa,B. Costa
885,Heitor,Heitor Pereira,Heitor Pereira Rodrigues,Sra. Heitor Pereira,H. Pereira
886,Lucas,Lucas Macedo,Lucas Macedo Cruz,Sr. Lucas Macedo,L. Macedo
887,Rafael,Rafael Martins,Rafael Martins Alves,Sra. Rafael Martins,R. Martins
888,Diego,Diego Lima,Diego Lima Martins,Sr. Diego Lima,D. Lima
889,Diego,Diego Melo,Diego Melo Faria,Sra. Diego Melo,D. Melo
890,Julia,Julia Rodrigues,Julia Rodrigues Ferreira,Sr. Julia Rodrigues,J. Rodrigues
891,Ana,Ana Souza,Ana Souza Lima,Sra. Ana Souza,A. Souza
892,Diego,Diego Araujo,Diego Araujo Araujo,Sr. Diego Araujo,D. Araujo
893,Igor,Igor Dias,Igor Dias Souza,Sra. Igor Dias,I. Dias
894,Maria,Maria Santos,Maria Santos Lima,Sr. Maria Santos,M. Santos
895,Gabi,Gabi Carvalho,Gabi Carvalho Gomes,Sra. Gabi Carvalho,G. Carvalho
896,Jose,Jose Costa,Jose Costa Cruz,Sr. Jose Costa,J. Costa
897,Joao,Joao Rodrigues,Joao Rodrigues Oliveira,Sra. Joao Rodrigues,J. Rodrigues
898,Jose,Jose Dias,Jose Dias Alves,Sr. Jose Dias,J. Dias
899,Joao,Joao Lima,Joao Lima Alves,Sra. Joao Lima,J. Lima
900,Igor,Igor Faria,Igor Faria Souza,Sr. Igor Faria,I. Faria
901,Beatriz,Beatriz Gomes,Beatriz Gomes Silva,Sra. Beatriz Gomes,B. Gomes
902,Lucas,Lucas Faria,Lucas Faria Pereira,Sr. Lucas Faria,L. Faria
903,Diego,Diego Lima,Diego Lima Ferreira,Sra. Diego Lima,D. Lima
904,Beatriz,Beatriz Faria,Beatriz Faria Rodrigues,Sr. Beatriz Faria,B. Faria
905,Jose,Jose Araujo,Jose Araujo Paiva,Sra. Jose Araujo,J. Araujo
906,Bruno,Bruno Araujo,Bruno Araujo Pereira,Sr. Bruno Araujo,B. Araujo
907,Ana,Ana Cruz,Ana Cruz Martins,Sra. Ana Cruz,A. Cruz
908,Joao,Joao Costa,Joao Costa Carvalho,Sr. Joao Costa,J. Costa
909,Julia,Julia Lima,Julia Lima Gomes,Sra. Julia Lima,J. Lima
910,Mariana,Mariana Macedo,Mariana Macedo Macedo,Sr. Mariana Macedo,M. Macedo
911,Diego,Diego Gomes,Diego Gomes Silva,Sra. Diego Gomes,D. Gomes
912,Rafael,Rafael Melo,Rafael Melo Dias,Sr. Rafael Melo,R. Melo
913,Julia,Julia Martins,Julia Martins Paiva,Sra. Julia Martins,J. Martins
914,Diego,Diego Carvalho,Diego Carvalho Santos,Sr. Diego Carvalho,D. Carvalho
915,Jose,Jose Araujo,Jose Araujo Lima,Sra. Jose Araujo,J. Araujo
916,Mariana,Mariana Ferreira,Mariana Ferreira Rodrigues,Sr. Mariana Ferreira,M. Ferreira
917,Ana,Ana Lima,Ana Lima Alves,Sra. Ana Lima,A. Lima
918,Pedro,Pedro Araujo,Pedro Araujo Pereira,Sr. Pedro Araujo,P. Araujo
919,Diego,Diego Gomes,Diego Gomes Martins,Sra. Diego Gomes,D. Gomes
920,Carlos,Carlos Lima,Carlos Lima Silva,Sr. Carlos Lima,C. Lima
921,Paula,Paula Melo,Paula Melo Martins,Sra. Paula Melo,P. Melo
922,Rafael,Rafael Costa,Rafael Costa Pereira,Sr. Rafael Costa,R. Costa
923,Ana,Ana Santos,Ana Santos Carvalho,Sra. Ana Santos,A. Santos
924,Fabio,Fabio Paiva,Fabio Paiva Paiva,Sr. Fabio Paiva,F. Paiva
925,Heitor,Heitor Carvalho,Heitor Carvalho Costa,Sra. Heitor Carvalho,H. Carvalho
926,Maria,Maria Lima,Maria Lima Martins,Sr. Maria Lima,M. Lima
927,Igor,Igor Lima,Igor Lima Macedo,Sra. Igor Lima,I. Lima
928,Mariana,Mariana Gomes,Mariana Gomes Araujo,Sr. Mariana Gomes,M. Gomes
929,Maria,Maria Ferreira,Maria Ferreira Carvalho,Sra. Maria Ferreira,M. Ferreira
930,Diego,Diego Lima,Diego Lima Paiva,Sr. Diego Lima,D. Lima
931,Julia,Julia Faria,Julia Faria Cruz,Sra. Julia Faria,J. Faria
932,Beatriz,Beatriz Araujo,Beatriz Araujo Santos,Sr. Beatriz Araujo,B. Araujo
933,Pedro,Pedro Alves,Pedro Alves Ferreira,Sra. Pedro Alves,P. Alves
934,Rafael,Rafael Dias,Rafael Dias Pereira,Sr. Rafael Dias,R. Dias
935,Ana,Ana Santos,Ana Santos Carvalho,Sra. Ana Santos,A. Santos
936,Rafael,Rafael Carvalho,Rafael Carvalho Ferreira,Sr. Rafael Carvalho,R. Carvalho
937,Gabi,Gabi Lima,Gabi Lima Martins,Sra. Gabi Lima,G. Lima
938,Rafael,Rafael Rodrigues,Rafael Rodrigues Dias,Sr. Rafael Rodrigues,R. Rodrigues
939,Mariana,Mariana Macedo,Mariana Macedo Oliveira,Sra. Mariana Macedo,M. Macedo
940,Fabio,Fabio Costa,Fabio Costa Pereira,Sr. Fabio Costa,F. Costa
941,Paula,Paula Silva,Paula Silva Araujo,Sra. Paula Silva,P. Silva
942,Bruno,Bruno Macedo,Bruno Macedo Araujo,Sr. Bruno Macedo,B. Macedo
943,Bruno,Bruno Melo,Bruno Melo Gomes,Sra. Bruno Melo,B. Melo
944,Erica,Erica Macedo,Erica Macedo Pereira,Sr. Erica Macedo,E. Macedo
945,Paula,Paula Gomes,Paula Gomes Macedo,Sra. Paula Gomes,P. Gomes
946,Lucas,Lucas Dias,Lucas Dias Gomes,Sr. Lucas Dias,L. Dias
947,Beatriz,Beatriz Araujo,Beatriz Araujo Gomes,Sra. Beatriz Araujo,B. Araujo
948,Paula,Paula Dias,Paula Dias Faria,Sr. Paula Dias,P. Dias
949,Julia,Julia Gomes,Julia Gomes Araujo,Sra. Julia Gomes,J. Gomes
950,Rafael,Rafael Araujo,Rafael Araujo Martins,Sr. Rafael Araujo,R. Araujo
951,Carlos,Carlos Faria,Carlos Faria Oliveira,Sra. Carlos Faria,C. Faria
952,Jose,Jose Paiva,Jose Paiva Santos,Sr. Jose Paiva,J. Paiva
953,Igor,Igor Silva,Igor Silva Melo,Sra. Igor Silva,I. Silva
954,Lucas,Lucas Melo,Lucas Melo Ferreira,Sr. Lucas Melo,L. Melo
955,Ana,Ana Carvalho,Ana Carvalho Dias,Sra. Ana Carvalho,A. Carvalho
956,Pedro,Pedro Ferreira,Pedro Ferreira Rodrigues,Sr. Pedro Ferreira,P. Ferreira
957,Rafael,Rafael Pereira,Rafael Pereira Carvalho,Sra. Rafael Pereira,R. Pereira
958,Diego,Diego Lima,Diego Lima Melo,Sr. Diego Lima,D. Lima
959,Mariana,Mariana Dias,Mariana Dias Faria,Sra. Mariana Dias,M. Dias
960,Diego,Diego Paiva,Diego Paiva Cruz,Sr. Diego Paiva,D. Paiva
961,Erica,Erica Paiva,Erica Paiva Souza,Sra. Erica Paiva,E. Paiva
962,Clara,Clara Paiva,Clara Paiva Macedo,Sr. Clara Paiva,C. Paiva
963,Ana,Ana Costa,Ana Costa Rodrigues,Sra. Ana Costa,A. Costa
964,Clara,Clara Santos,Clara Santos Macedo,Sr. Clara Santos,C. Santos
965,Joao,Joao Faria,Joao Faria Araujo,Sra. Joao Faria,J. Faria
966,Bruno,Bruno Carvalho,Bruno Carvalho Costa,Sr. Bruno Carvalho,B. Carvalho
967,Maria,Maria Costa,Maria Costa Alves,Sra. Maria Costa,M. Costa
968,Julia,Julia Cruz,Julia Cruz Cruz,Sr. Julia Cruz,J. Cruz
969,Igor,Igor Faria,Igor Faria Faria,Sra. Igor Faria,I. Faria
970,Julia,Julia Melo,Julia Melo Martins,Sr. Julia Melo,J. Melo
971,Diego,Diego Melo,Diego Melo Faria,Sra. Diego Melo,D. Melo
972,Heitor,Heitor Pereira,Heitor Pereira Martins,Sr. Heitor Pereira,H. Pereira
973,Maria,Maria Dias,Maria Dias Costa,Sra. Maria Dias,M. Dias
974,Paula,Paula Carvalho,Paula Carvalho Lima,Sr. Paula Carvalho,P. Carvalho
975,Carlos,Carlos Pereira,Carlos Pereira Martins,Sra. Carlos Pereira,C. Pereira
976,Paula,Paula Gomes,Paula Gomes Melo,Sr. Paula Gomes,P. Gomes
977,Lucas,Lucas Cruz,Lucas Cruz Dias,Sra. Lucas Cruz,L. Cruz
978,Clara,Clara Dias,Clara Dias Costa,Sr. Clara Dias,C. Dias
979,Fabio,Fabio Melo,Fabio Melo Gomes,Sra. Fabio Melo,F. Melo
980,Ana,Ana Ferreira,Ana Ferreira Souza,Sr. Ana Ferreira,A. Ferreira
981,Carlos,Carlos Silva,Carlos Silva Gomes,Sra. Carlos Silva,C. Silva
982,Carlos,Carlos Santos,Carlos Santos Rodrigues,Sr. Carlos Santos,C. Santos
983,Heitor,Heitor Santos,Heitor Santos Paiva,Sra. Heitor Santos,H. Santos
984,Beatriz,Beatriz Gomes,Beatriz Gomes Paiva,Sr. Beatriz Gomes,B. Gomes
985,Erica,Erica Melo,Erica Melo Rodrigues,Sra. Erica Melo,E. Melo
986,Diego,Diego Santos,Diego Santos Santos,Sr. Diego Santos,D. Santos
987,Erica,Erica Araujo,Erica Araujo Silva,Sra. Erica Araujo,E. Araujo
988,Mariana,Mariana Oliveira,Mariana Oliveira Melo,Sr. Mariana Oliveira,M. Oliveira
989,Jose,Jose Carvalho,Jose Carvalho Araujo,Sra. Jose Carvalho,J. Carvalho
990,Maria,Maria Oliveira,Maria Oliveira Oliveira,Sr. Maria Oliveira,M. Oliveira
991,Rafael,Rafael Lima,Rafael Lima Faria,Sra. Rafael Lima,R. Lima
992,Carlos,Carlos Paiva,Carlos Paiva Santos,Sr. Carlos Paiva,C. Paiva
993,Clara,Clara Gomes,Clara Gomes Oliveira,Sra. Clara Gomes,C. Gomes
994,Fabio,Fabio Costa,Fabio Costa Alves,Sr. Fabio Costa,F. Costa
995,Gabi,Gabi Cruz,Gabi Cruz Gomes,Sra. Gabi Cruz,G. Cruz
996,Mariana,Mariana Araujo,Mariana Araujo Macedo,Sr. Mariana Araujo,M. Araujo
997,Diego,Diego Faria,Diego Faria Costa,Sra. Diego Faria,D. Faria
998,Clara,Clara Martins,Clara Martins Melo,Sr. Clara Martins,C. Martins
999,Mariana,Mariana Santos,Mariana Santos Ferreira,Sra. Mariana Santos,M. Santos
1000,Mariana,Mariana Faria,Mariana Faria Lima,Sr. Mariana Faria,M. Faria
