id,sequencial,padded_4,com_prefixo,tpch_style,uuid_v4,hierarquico
1,1,0001,INV-2026-0001,Customer#000000001,e064aed1-904b-04eb-4cb0-bf73f722cdba,LOGI-FIN-USER-00
2,2,0002,INV-2026-0002,Customer#000000002,f8ccdccf-1561-526d-8845-eed3a38fecfc,ACME-FIN-USER-01
3,3,0003,INV-2026-0003,Customer#000000003,cb81ecf4-ade3-3aba-9c7f-3aac33ed8da5,LOGI-FIN-USER-02
4,4,0004,INV-2026-0004,Customer#000000004,e2daa763-0fff-ab2d-cb48-3eeeda27fb55,LOGI-FIN-USER-03
5,5,0005,INV-2026-0005,Customer#000000005,1a1aa2ac-5d94-ba46-fe9b-247c541d5dc1,ACME-OPS-USER-04
6,6,0006,INV-2026-0006,Customer#000000006,e42ecabb-4299-aaef-287c-549965e9cc1f,ACME-FIN-USER-05
7,7,0007,INV-2026-0007,Customer#000000007,ec3a4818-f5ba-9ffc-f36f-cba1cbc3f14d,LOGI-FIN-USER-06
8,8,0008,INV-2026-0008,Customer#000000008,8ecc01ec-65e6-52ea-ee0d-c2bb271569b6,LOGI-MKT-USER-07
9,9,0009,INV-2026-0009,Customer#000000009,0b6ee222-c5df-4d5a-dc29-60ae5ac901dd,LOGI-FIN-USER-08
10,10,0010,INV-2026-0010,Customer#000000010,cc326dbc-d452-bd8d-3edf-bd0a7ebdb5b2,ACME-OPS-USER-09
11,11,0011,INV-2026-0011,Customer#000000011,4ba6b504-7df6-e8fb-e2f3-f529a6db8c5f,ACME-MKT-USER-10
12,12,0012,INV-2026-0012,Customer#000000012,ebfae81e-76cf-6688-629e-edd6c069cea9,ACME-MKT-USER-11
13,13,0013,INV-2026-0013,Customer#000000013,adb31bd7-cae4-405a-c19d-4fa5e0aa293f,LOGI-OPS-USER-12
14,14,0014,INV-2026-0014,Customer#000000014,15cabefd-eddf-bccd-aa55-eabd61657b35,LOGI-FIN-USER-13
15,15,0015,INV-2026-0015,Customer#000000015,f18b949d-cfca-807a-ce9a-cd44907e83a2,LOGI-MKT-USER-14
16,16,0016,INV-2026-0016,Customer#000000016,08c0e2a1-847a-8ac5-10bf-7ebeae4032ec,ACME-OPS-USER-15
17,17,0017,INV-2026-0017,Customer#000000017,fa3da2cf-206e-f8f1-fd2a-cd2fb798b7cc,ACME-OPS-USER-16
18,18,0018,INV-2026-0018,Customer#000000018,fdcf9af5-bba9-a5cc-1d5a-d80c44b7df60,ACME-FIN-USER-17
19,19,0019,INV-2026-0019,Customer#000000019,58c5af90-685e-8c7f-c796-5f6aef4a6cad,ACME-FIN-USER-18
20,20,0020,INV-2026-0020,Customer#000000020,676f2116-eea2-06a7-f5c2-1acf3be15c9d,LOGI-FIN-USER-19
21,21,0021,INV-2026-0021,Customer#000000021,b8d6c9c1-f2ad-515c-38fa-066c155bcb42,ACME-MKT-USER-20
22,22,0022,INV-2026-0022,Customer#000000022,3531bdce-9a68-5b9d-dad0-5ecc0acca3b9,TECH-FIN-USER-21
23,23,0023,INV-2026-0023,Customer#000000023,f9bfa872-39ae-8a01-52ad-c0da1bda9152,TECH-OPS-USER-22
24,24,0024,INV-2026-0024,Customer#000000024,da0dbf60-84c2-ee3e-6f9a-aa34da31ac7b,TECH-FIN-USER-23
25,25,0025,INV-2026-0025,Customer#000000025,66cfa3b7-cba7-4fc5-b0af-b8ecfa0bcdd9,LOGI-OPS-USER-24
26,26,0026,INV-2026-0026,Customer#000000026,03df1b5d-817e-bedd-abd5-f651faf23607,ACME-OPS-USER-25
27,27,0027,INV-2026-0027,Customer#000000027,7959e33d-8fac-5eae-da6c-1ef6ffa6fc28,TECH-MKT-USER-26
28,28,0028,INV-2026-0028,Customer#000000028,6f0c80db-feac-db5b-445a-ae32d0b082e7,TECH-FIN-USER-27
29,29,0029,INV-2026-0029,Customer#000000029,4bd8b53e-ef6d-ba1a-4ee8-cc18528a58e8,LOGI-FIN-USER-28
30,30,0030,INV-2026-0030,Customer#000000030,ade7deda-fe20-0f25-b88e-fbcfdecde6f4,TECH-FIN-USER-29
31,31,0031,INV-2026-0031,Customer#000000031,c2fbf784-2cae-ed0b-52c1-a44d73d0c325,ACME-FIN-USER-30
32,32,0032,INV-2026-0032,Customer#000000032,e00b5731-abaa-bb2b-e0bd-baf1a8fae11d,ACME-FIN-USER-31
33,33,0033,INV-2026-0033,Customer#000000033,6dc7fb9d-2fce-af49-5799-29e83e1c22ab,LOGI-FIN-USER-32
34,34,0034,INV-2026-0034,Customer#000000034,cc727ead-ffd7-c4e4-2c8a-cbcfcde0ec53,LOGI-OPS-USER-33
35,35,0035,INV-2026-0035,Customer#000000035,e733e1af-2b89-367e-dd3a-1199d94b72ed,LOGI-MKT-USER-34
36,36,0036,INV-2026-0036,Customer#000000036,64f14eaa-62a9-2b5c-e78a-9a1698e68f3e,TECH-MKT-USER-35
37,37,0037,INV-2026-0037,Customer#000000037,e1c5cb86-773b-2bd7-acb5-34dae3baaa9e,LOGI-MKT-USER-36
38,38,0038,INV-2026-0038,Customer#000000038,dddd3196-61b6-91c1-dcdb-acbd9be7a312,TECH-MKT-USER-37
39,39,0039,INV-2026-0039,Customer#000000039,1e0ffbd8-e8be-1d77-c85c-fd31ee6ee2f1,LOGI-OPS-USER-38
40,40,0040,INV-2026-0040,Customer#000000040,e72fefe2-eb06-e7a4-f36b-bbabeddd33fd,ACME-MKT-USER-39
41,41,0041,INV-2026-0041,Customer#000000041,99e596a9-b6ba-c8ef-a68b-fbb35edc2cc6,ACME-OPS-USER-40
42,42,0042,INV-2026-0042,Customer#000000042,9bc2ebde-9888-1472-f730-eacaadd043ed,TECH-FIN-USER-41
43,43,0043,INV-2026-0043,Customer#000000043,b525ed1c-abdc-f607-c4eb-7ebbb0d088a7,ACME-OPS-USER-42
44,44,0044,INV-2026-0044,Customer#000000044,5e2ca277-ecff-a42f-e04b-d668ba0e6c1e,TECH-FIN-USER-43
45,45,0045,INV-2026-0045,Customer#000000045,b989f74f-8b51-99f3-6276-9f399fed9eb1,LOGI-MKT-USER-44
46,46,0046,INV-2026-0046,Customer#000000046,8ba30ce9-25e7-e039-8913-866f04be2bf4,LOGI-OPS-USER-45
47,47,0047,INV-2026-0047,Customer#000000047,ff4213ff-bffe-fc66-3ff3-74fb5a7caf2d,ACME-OPS-USER-46
48,48,0048,INV-2026-0048,Customer#000000048,8fa99c26-1ab2-ccca-2bdc-b63e4eb614f6,LOGI-OPS-USER-47
49,49,0049,INV-2026-0049,Customer#000000049,d2edc3dd-7e0d-1ea5-4cd0-dce65b89f39a,TECH-MKT-USER-48
50,50,0050,INV-2026-0050,Customer#000000050,3c7f78ab-2529-31ed-9fdb-ef43fada18a5,LOGI-OPS-USER-49
51,51,0051,INV-2026-0051,Customer#000000051,16dce602-2588-01c7-689c-cdd228fc83d8,ACME-FIN-USER-50
52,52,0052,INV-2026-0052,Customer#000000052,0fbb3d3e-78dc-dbba-ca07-296dddd5efc5,ACME-MKT-USER-51
53,53,0053,INV-2026-0053,Customer#000000053,abfb8c5c-f499-94bd-acaf-bcfa8fabcede,LOGI-OPS-USER-52
54,54,0054,INV-2026-0054,Customer#000000054,d45c4f66-4f67-eb62-e8fc-fb66f795a4be,LOGI-OPS-USER-53
55,55,0055,INV-2026-0055,Customer#000000055,3dc5ebe1-9f2a-0ce8-eda4-f7ed1cbfee3d,ACME-FIN-USER-54
56,56,0056,INV-2026-0056,Customer#000000056,f8aefed0-c2f6-fbae-ca42-3a54abca3cdc,LOGI-OPS-USER-55
57,57,0057,INV-2026-0057,Customer#000000057,1e437555-ae6f-0ef1-268b-df62e6d423ad,TECH-MKT-USER-56
58,58,0058,INV-2026-0058,Customer#000000058,cabe45ad-19f1-c1cb-c37b-24c2bb9ba1ab,LOGI-FIN-USER-57
59,59,0059,INV-2026-0059,Customer#000000059,8bac071f-e1e0-8aaf-e9f8-dd8febe73bba,ACME-FIN-USER-58
60,60,0060,INV-2026-0060,Customer#000000060,afaf985a-34da-0ede-d51d-9ed509bab3f5,LOGI-MKT-USER-59
61,61,0061,INV-2026-0061,Customer#000000061,7de763e4-61ed-ed9a-feeb-7938aac6fbec,TECH-MKT-USER-60
62,62,0062,INV-2026-0062,Customer#000000062,b857198b-c18d-01bc-e44d-6d44aaaeff85,TECH-OPS-USER-61
63,63,0063,INV-2026-0063,Customer#000000063,8b75ba2f-ace8-9c43-5ec9-378caef5cfea,ACME-MKT-USER-62
64,64,0064,INV-2026-0064,Customer#000000064,b3faebe1-0cee-a9c5-f0b8-dedaa0c0b6f0,LOGI-MKT-USER-63
65,65,0065,INV-2026-0065,Customer#000000065,9e3eb5d5-7b1f-a5f6-c1fe-088aef1ce7ff,LOGI-FIN-USER-64
66,66,0066,INV-2026-0066,Customer#000000066,5dfc5ef6-be3c-043c-ce6c-cceb8abf1a72,ACME-FIN-USER-65
67,67,0067,INV-2026-0067,Customer#000000067,7af8b06f-a7e9-ee1d-bf13-fda620675249,LOGI-MKT-USER-66
68,68,0068,INV-2026-0068,Customer#000000068,8072d786-81dd-fc38-36a1-99a155dd426e,TECH-MKT-USER-67
69,69,0069,INV-2026-0069,Customer#000000069,8c99ced6-dfa3-87ad-fb76-b8e4f3a0fe4b,LOGI-FIN-USER-68
70,70,0070,INV-2026-0070,Customer#000000070,cb9ad5ef-b1fa-8bef-bb7d-be1ae7e0fe8a,TECH-FIN-USER-69
71,71,0071,INV-2026-0071,Customer#000000071,05bbcc98-acb7-029f-2e36-a4aa9f76b2ce,LOGI-FIN-USER-70
72,72,0072,INV-2026-0072,Customer#000000072,eabc79ab-d4e8-ad99-046f-bcbb842eaf68,TECH-MKT-USER-71
73,73,0073,INV-2026-0073,Customer#000000073,27a3ebec-e652-838d-c9ab-ee3364cddea4,TECH-MKT-USER-72
74,74,0074,INV-2026-0074,Customer#000000074,baf9ca10-a66b-3aaa-c22b-c8c0fcf2ca6f,TECH-OPS-USER-73
75,75,0075,INV-2026-0075,Customer#000000075,7b9fb5bc-7fd3-3441-76b7-f65cfe2fbefd,ACME-MKT-USER-74
76,76,0076,INV-2026-0076,Customer#000000076,d5fcaeac-599d-d2b6-e8e7-0baaae71b494,TECH-OPS-USER-75
77,77,0077,INV-2026-0077,Customer#000000077,c7cca7f1-2ba2-c90f-4f2e-3e6e58d386f5,LOGI-FIN-USER-76
78,78,0078,INV-2026-0078,Customer#000000078,f0a24e0f-bf92-18a2-6d3b-a2f3b0e9fd39,LOGI-OPS-USER-77
79,79,0079,INV-2026-0079,Customer#000000079,c12ac8f6-361c-ddbf-ce6b-ba61dfa2adbf,TECH-OPS-USER-78
80,80,0080,INV-2026-0080,Customer#000000080,2cc8faea-0150-1bbd-b9f1-bd66b4bb8dce,ACME-OPS-USER-79
81,81,0081,INV-2026-0081,Customer#000000081,fac1199d-6aa2-ff3e-bbf3-2b5da0b51fc1,TECH-MKT-USER-80
82,82,0082,INV-2026-0082,Customer#000000082,7ac852cf-5b0c-5a83-ecce-a979f518bd3b,ACME-OPS-USER-81
83,83,0083,INV-2026-0083,Customer#000000083,1a6c7c04-c6da-daa4-da50-957cde0ecf2b,ACME-OPS-USER-82
84,84,0084,INV-2026-0084,Customer#000000084,a1ff2edb-f8f1-22c1-c9f5-56bfa6514bc3,ACME-OPS-USER-83
85,85,0085,INV-2026-0085,Customer#000000085,a8bf4652-3fcf-0c72-57be-5f089a5ab30c,ACME-FIN-USER-84
86,86,0086,INV-2026-0086,Customer#000000086,48fe1ce1-f4eb-2cb2-e1e9-fa897d693dde,TECH-OPS-USER-85
87,87,0087,INV-2026-0087,Customer#000000087,da189eb5-fb08-fab7-c750-d0b6ba7c5355,LOGI-MKT-USER-86
88,88,0088,INV-2026-0088,Customer#000000088,1f4cb7cc-3dbf-e0fe-cc4f-da6a154b0e42,LOGI-FIN-USER-87
89,89,0089,INV-2026-0089,Customer#000000089,ec70cebc-cf8e-8263-3ebf-e3ffeb4c36f2,LOGI-FIN-USER-88
90,90,0090,INV-2026-0090,Customer#000000090,ee8ff0de-f4ce-3a5f-3d1f-ed95515208af,TECH-OPS-USER-89
91,91,0091,INV-2026-0091,Customer#000000091,d78cbca4-9b00-527d-31ef-7fdf9ed917f9,LOGI-MKT-USER-90
92,92,0092,INV-2026-0092,Customer#000000092,ebe628ca-101c-da24-efa2-bad5e8884095,TECH-MKT-USER-91
93,93,0093,INV-2026-0093,Customer#000000093,1ae17bfc-ccc9-bdad-a1df-bdbed2a3ffb2,TECH-FIN-USER-92
94,94,0094,INV-2026-0094,Customer#000000094,f9fdc5ee-1887-6adb-db99-3caeec26b798,TECH-MKT-USER-93
95,95,0095,INV-2026-0095,Customer#000000095,d063df0d-75ae-d0b6-6af2-d2f9c59e44ca,LOGI-OPS-USER-94
96,96,0096,INV-2026-0096,Customer#000000096,cb36b2cd-04cc-5aef-6cbd-208d3dc73daf,TECH-FIN-USER-95
97,97,0097,INV-2026-0097,Customer#000000097,83cfcee5-90ba-0eed-05b6-fe9875aec82b,LOGI-OPS-USER-96
98,98,0098,INV-2026-0098,Customer#000000098,cd6fa767-6eee-4b51-cb87-30a6d8acfb7f,LOGI-MKT-USER-97
99,99,0099,INV-2026-0099,Customer#000000099,eae763ec-6aaf-ceed-e44d-9d8ca21dcda4,ACME-MKT-USER-98
100,100,0100,INV-2026-0100,Customer#000000100,861c349c-da6f-bad3-d06a-3aaa1dd8f804,TECH-FIN-USER-99
101,101,0101,INV-2026-0101,Customer#000000101,dab00a4d-62b6-11ea-bb9f-2faa3db04f40,LOGI-FIN-USER-00
102,102,0102,INV-2026-0102,Customer#000000102,2fb8eadd-12c1-2925-f4f0-92bdf9dbd6ba,LOGI-FIN-USER-01
103,103,0103,INV-2026-0103,Customer#000000103,bcf793ce-fa50-12ca-eb1f-deaf51bdc7e9,ACME-FIN-USER-02
104,104,0104,INV-2026-0104,Customer#000000104,cd03e7df-5a87-28ac-fa9d-32ffc2eac9db,LOGI-FIN-USER-03
105,105,0105,INV-2026-0105,Customer#000000105,cdadaad9-1e0d-baf4-fdbf-d9faee3cdd0e,LOGI-OPS-USER-04
106,106,0106,INV-2026-0106,Customer#000000106,cd1a5f14-e85a-b9c9-2ae2-9c01dd6b4ee7,ACME-FIN-USER-05
107,107,0107,INV-2026-0107,Customer#000000107,c7adf792-e07d-bc82-daca-9542c4c47a1d,LOGI-MKT-USER-06
108,108,0108,INV-2026-0108,Customer#000000108,2dacbf0a-c9ce-bef3-b2ed-7d9df5876b3d,LOGI-MKT-USER-07
109,109,0109,INV-2026-0109,Customer#000000109,6fcfed4d-67ef-efbf-727a-ce9ac6cbb03e,ACME-OPS-USER-08
110,110,0110,INV-2026-0110,Customer#000000110,a365cf6a-0b2d-adac-5bb6-ee8ff6c05dbd,ACME-MKT-USER-09
111,111,0111,INV-2026-0111,Customer#000000111,feacdbf6-3f43-b89c-2c57-f3371edeac7b,TECH-MKT-USER-10
112,112,0112,INV-2026-0112,Customer#000000112,441b9b24-4774-abfc-f0e9-dddff7ee8b6e,TECH-MKT-USER-11
113,113,0113,INV-2026-0113,Customer#000000113,b90d4be3-fb01-ebd9-2bff-beea3a711bcc,ACME-OPS-USER-12
114,114,0114,INV-2026-0114,Customer#000000114,8986820f-1a1c-7b6f-d6e8-c034abc6d6df,LOGI-MKT-USER-13
115,115,0115,INV-2026-0115,Customer#000000115,8ecc20db-e6ad-79eb-34c4-3bccefac612f,TECH-OPS-USER-14
116,116,0116,INV-2026-0116,Customer#000000116,7e5614a7-ef3c-bf36-bfe6-7e7a9ba2e16c,LOGI-FIN-USER-15
117,117,0117,INV-2026-0117,Customer#000000117,5d110b0c-8cdc-bfab-84aa-6ab8becbd3b9,ACME-MKT-USER-16
118,118,0118,INV-2026-0118,Customer#000000118,eefaa74a-1804-d7aa-1f7f-bcc5b3e8ecb8,ACME-MKT-USER-17
119,119,0119,INV-2026-0119,Customer#000000119,8b7bd0d9-5b63-3dbe-972e-ace952d2bd33,ACME-MKT-USER-18
120,120,0120,INV-2026-0120,Customer#000000120,fdc0fe61-9fd3-cdbc-4e5f-79c5824cb932,TECH-MKT-USER-19
121,121,0121,INV-2026-0121,Customer#000000121,ddba2edb-0ee9-9df9-eaa7-bdcc95ae1db5,ACME-MKT-USER-20
122,122,0122,INV-2026-0122,Customer#000000122,a0bb84b8-29c5-bcdf-84cc-3cafcb83d25b,ACME-FIN-USER-21
123,123,0123,INV-2026-0123,Customer#000000123,487cff3f-023e-9141-08fd-bfdece94eb60,LOGI-MKT-USER-22
124,124,0124,INV-2026-0124,Customer#000000124,b530503f-b78c-ba11-6ce7-f6d4ec58216e,LOGI-OPS-USER-23
125,125,0125,INV-2026-0125,Customer#000000125,dbcffcaa-faac-021d-fe56-fb0c52ec1ea7,LOGI-OPS-USER-24
126,126,0126,INV-2026-0126,Customer#000000126,4ae4a555-5cc7-b21f-a0cf-c86ddc64ab8a,ACME-FIN-USER-25
127,127,0127,INV-2026-0127,Customer#000000127,b9e07cba-2b60-e827-c455-f7499a889cff,ACME-MKT-USER-26
128,128,0128,INV-2026-0128,Customer#000000128,55983f3b-3afc-bfb6-cc8f-1bad977ce502,LOGI-MKT-USER-27
129,129,0129,INV-2026-0129,Customer#000000129,4ce3b7ea-ad86-d33b-7dcc-135665e59c7c,TECH-OPS-USER-28
130,130,0130,INV-2026-0130,Customer#000000130,3c255aa4-82ea-1abf-2d1e-85a92b307eda,LOGI-OPS-USER-29
131,131,0131,INV-2026-0131,Customer#000000131,c2ebcaad-9ebd-a416-930b-a26bfaa6abdb,LOGI-OPS-USER-30
132,132,0132,INV-2026-0132,Customer#000000132,4d95fec4-1dbb-df5e-b541-32a9fa73f0f6,ACME-MKT-USER-31
133,133,0133,INV-2026-0133,Customer#000000133,901049ba-8f01-a358-b3d5-80ff8f5f4a2e,ACME-OPS-USER-32
134,134,0134,INV-2026-0134,Customer#000000134,8fe3aac2-a671-ef59-0bc8-5fcff3a5af7f,LOGI-FIN-USER-33
135,135,0135,INV-2026-0135,Customer#000000135,1efb25fb-ab94-f72d-a96f-447a6cec1365,TECH-OPS-USER-34
136,136,0136,INV-2026-0136,Customer#000000136,0e840cb5-feb8-bacd-7e2b-1c2d4a2ccebf,TECH-FIN-USER-35
137,137,0137,INV-2026-0137,Customer#000000137,8d1e4ad1-b1ce-98fc-5016-ef2fb4b5d3a9,ACME-MKT-USER-36
138,138,0138,INV-2026-0138,Customer#000000138,cef92bcb-ebde-dcfc-9dc7-5c8ca79f0060,ACME-OPS-USER-37
139,139,0139,INV-2026-0139,Customer#000000139,0f46aece-bcc2-a35d-556c-c417aadfc2e0,LOGI-OPS-USER-38
140,140,0140,INV-2026-0140,Customer#000000140,11a7b9dd-4ed0-b860-b3b4-1a89db46821c,ACME-MKT-USER-39
141,141,0141,INV-2026-0141,Customer#000000141,81bb22ca-e4da-51b7-e1e9-77d06fdf930b,ACME-MKT-USER-40
142,142,0142,INV-2026-0142,Customer#000000142,8ac21eed-c0f2-904b-4b5a-a3f0ce036bd1,LOGI-FIN-USER-41
143,143,0143,INV-2026-0143,Customer#000000143,1eee726d-8fbf-dad1-4fcf-0e6aa0f76ff6,ACME-MKT-USER-42
144,144,0144,INV-2026-0144,Customer#000000144,58ffee47-83ab-edf9-c96d-92ecf43fde9d,ACME-MKT-USER-43
145,145,0145,INV-2026-0145,Customer#000000145,ee6ce26d-fad9-99ed-e6b2-4ad5c55f7fab,LOGI-OPS-USER-44
146,146,0146,INV-2026-0146,Customer#000000146,f8ca340a-059a-fa1e-fda7-a580a86dadbd,ACME-MKT-USER-45
147,147,0147,INV-2026-0147,Customer#000000147,2add5bf0-8af4-9db6-36ef-dae1b3cdc870,TECH-MKT-USER-46
148,148,0148,INV-2026-0148,Customer#000000148,ddd17ef3-a2fd-1fff-d3c0-37dc33a16af6,ACME-FIN-USER-47
149,149,0149,INV-2026-0149,Customer#000000149,df0a0aab-da4e-99d0-d6dc-441730cd712f,ACME-MKT-USER-48
150,150,0150,INV-2026-0150,Customer#000000150,6efccfa7-0a7d-cac1-a2c7-9441cfb1fdbf,TECH-MKT-USER-49
151,151,0151,INV-2026-0151,Customer#000000151,c5cdedaa-abd5-642a-ba4d-917b4ef516ca,ACME-MKT-USER-50
152,152,0152,INV-2026-0152,Customer#000000152,78cfc4ce-aa02-3add-abe1-bcec0c7eb13c,TECH-OPS-USER-51
153,153,0153,INV-2026-0153,Customer#000000153,dcc8ddaf-609a-59e4-62bb-e90ab4eabb3d,LOGI-MKT-USER-52
154,154,0154,INV-2026-0154,Customer#000000154,f408d260-cd7d-2aa0-ae44-6bbe532fc2bc,TECH-FIN-USER-53
155,155,0155,INV-2026-0155,Customer#000000155,ebc36db1-0d18-18fd-df97-74ab1eac2bf2,TECH-MKT-USER-54
156,156,0156,INV-2026-0156,Customer#000000156,eaae3d57-4e7c-7a12-ac67-cb8f2c16ac55,ACME-OPS-USER-55
157,157,0157,INV-2026-0157,Customer#000000157,87bdb9bb-5e1e-cada-cc3f-12ba8ae1bddd,ACME-FIN-USER-56
158,158,0158,INV-2026-0158,Customer#000000158,e96d94d6-beee-fefc-dbcc-1df0cf2609cd,LOGI-OPS-USER-57
159,159,0159,INV-2026-0159,Customer#000000159,89433cc7-96d2-0e3d-ef23-bcdfed99c849,ACME-MKT-USER-58
160,160,0160,INV-2026-0160,Customer#000000160,aaf5ec00-a8cf-1abc-a6bb-d5deefbcddb0,TECH-MKT-USER-59
161,161,0161,INV-2026-0161,Customer#000000161,dc77f63f-d6b5-dcce-6a0a-21b5d65adeae,TECH-FIN-USER-60
162,162,0162,INV-2026-0162,Customer#000000162,5fabc713-e3af-a59e-4a7e-a2386aab8fa3,TECH-FIN-USER-61
163,163,0163,INV-2026-0163,Customer#000000163,6b86bf2b-7cde-55b5-cae5-eabef60019bf,TECH-FIN-USER-62
164,164,0164,INV-2026-0164,Customer#000000164,f50d1dd4-d2f1-d8ae-b424-6e19fafea5b6,ACME-OPS-USER-63
165,165,0165,INV-2026-0165,Customer#000000165,8f5b31f4-8e2b-9d29-501a-b0ae0083780f,TECH-OPS-USER-64
166,166,0166,INV-2026-0166,Customer#000000166,9cbbb0eb-ace7-f8df-1bf1-aae3084fdd71,LOGI-OPS-USER-65
167,167,0167,INV-2026-0167,Customer#000000167,a34fda1b-6bc9-f01b-02be-aed3ce03eae1,LOGI-MKT-USER-66
168,168,0168,INV-2026-0168,Customer#000000168,2316ba3d-b2ab-4b9b-fe7f-c3cbad7239fc,TECH-FIN-USER-67
169,169,0169,INV-2026-0169,Customer#000000169,e02cdb0a-031e-d9ba-f4eb-9ed03aedb705,ACME-MKT-USER-68
170,170,0170,INV-2026-0170,Customer#000000170,fdcfbad4-123c-ea3e-1845-dd921b30b159,LOGI-OPS-USER-69
171,171,0171,INV-2026-0171,Customer#000000171,9ad52559-4d1c-194d-38a4-7570c62a9a46,ACME-MKT-USER-70
172,172,0172,INV-2026-0172,Customer#000000172,edcc59bc-4aa0-9d59-4eee-d90fab98bf2a,ACME-MKT-USER-71
173,173,0173,INV-2026-0173,Customer#000000173,af8475f0-e3ac-cfa3-f4dd-f0d8fb6afdc4,LOGI-FIN-USER-72
174,174,0174,INV-2026-0174,Customer#000000174,d7ebe818-a08e-fcb3-7bea-adfaa7db9189,LOGI-MKT-USER-73
175,175,0175,INV-2026-0175,Customer#000000175,cabcd98e-ffd4-d183-f132-334e09fea9a0,ACME-FIN-USER-74
176,176,0176,INV-2026-0176,Customer#000000176,0bcb7ceb-aebc-acd6-b486-c36fd3b43fdb,ACME-FIN-USER-75
177,177,0177,INV-2026-0177,Customer#000000177,2fc984fe-f39f-b20e-aee3-fcbe6dfafeba,TECH-OPS-USER-76
178,178,0178,INV-2026-0178,Customer#000000178,fad3c68c-921e-c4e6-0b9e-1b46ded73c88,TECH-OPS-USER-77
179,179,0179,INV-2026-0179,Customer#000000179,7fd1a9fb-6bf9-d3c1-4adf-1fa19e9cfa34,TECH-OPS-USER-78
180,180,0180,INV-2026-0180,Customer#000000180,c0cc6ca0-05fc-aed9-af52-6f1accddaf2b,LOGI-FIN-USER-79
181,181,0181,INV-2026-0181,Customer#000000181,c317d235-9e76-beba-42ab-dcf6ff2cc0b8,TECH-OPS-USER-80
182,182,0182,INV-2026-0182,Customer#000000182,7e2344dd-cbbc-a2a1-cea6-7bdda7f0b4c3,ACME-OPS-USER-81
183,183,0183,INV-2026-0183,Customer#000000183,221fb1ba-02bb-1251-eabe-4d471cee73ba,ACME-MKT-USER-82
184,184,0184,INV-2026-0184,Customer#000000184,c2c0446d-bf24-bf8c-9f37-8452f222afc0,TECH-OPS-USER-83
185,185,0185,INV-2026-0185,Customer#000000185,26d6f9c6-c41c-ae3f-a29e-138c2ef1f7df,ACME-FIN-USER-84
186,186,0186,INV-2026-0186,Customer#000000186,cf6fc6be-8ad8-a6a2-5ad2-211ef8e3d21a,TECH-OPS-USER-85
187,187,0187,INV-2026-0187,Customer#000000187,4ea57cce-09e8-68a0-cc6f-a2fa2eefcacb,TECH-OPS-USER-86
188,188,0188,INV-2026-0188,Customer#000000188,afd7f700-c7a0-d727-77e5-ede16707accd,TECH-FIN-USER-87
189,189,0189,INV-2026-0189,Customer#000000189,fcf88cb2-e7ba-7d79-acbc-b61f84a2c271,LOGI-OPS-USER-88
190,190,0190,INV-2026-0190,Customer#000000190,971cb6e6-95be-cddb-4aec-e5ebcdef14a5,LOGI-MKT-USER-89
191,191,0191,INV-2026-0191,Customer#000000191,ac9cedc5-63f5-530b-6af9-d450b6ce0fb1,ACME-OPS-USER-90
192,192,0192,INV-2026-0192,Customer#000000192,ddd87e1e-f32a-ebce-e5d5-2b7c8a5933f9,TECH-MKT-USER-91
193,193,0193,INV-2026-0193,Customer#000000193,1bf2ca56-b3a8-6ed0-ab1e-e58efdfb590f,TECH-OPS-USER-92
194,194,0194,INV-2026-0194,Customer#000000194,1c54dedd-a80d-cea9-cfdc-cfb7dba901ed,LOGI-FIN-USER-93
195,195,0195,INV-2026-0195,Customer#000000195,046c25fa-e2d9-e9d2-3d76-1888cc00cd51,TECH-FIN-USER-94
196,196,0196,INV-2026-0196,Customer#000000196,5c1dd3f3-c0bb-eca4-4eb5-a8944cf43b0f,ACME-MKT-USER-95
197,197,0197,INV-2026-0197,Customer#000000197,95ce1adf-8489-d1c1-ea7d-ebfb0b8fe2d0,ACME-OPS-USER-96
198,198,0198,INV-2026-0198,Customer#000000198,3a7a1f95-6faf-679d-5ceb-93aaecee9414,TECH-OPS-USER-97
199,199,0199,INV-2026-0199,Customer#000000199,3a2da9fc-a2f3-746c-acce-4f0a3e5a276f,ACME-OPS-USER-98
200,200,0200,INV-2026-0200,Customer#000000200,8e270afa-d5e7-0d9e-fdb2-cb6bacd255a8,ACME-FIN-USER-99
201,201,0201,INV-2026-0201,Customer#000000201,3b6ae2a9-b6f2-ecba-dac9-abd9907a4f3a,LOGI-MKT-USER-00
202,202,0202,INV-2026-0202,Customer#000000202,b69da32d-cb61-1029-2ec5-51b2e3481d6c,TECH-MKT-USER-01
203,203,0203,INV-2026-0203,Customer#000000203,9b7eb41f-5e90-80ea-8eaf-6bdffeb124bf,ACME-FIN-USER-02
204,204,0204,INV-2026-0204,Customer#000000204,4ee9db46-aa03-3ffa-cc4c-c10dffcadc6a,TECH-MKT-USER-03
205,205,0205,INV-2026-0205,Customer#000000205,ddebafb9-61d9-aae7-f064-754d7dce26ff,LOGI-MKT-USER-04
206,206,0206,INV-2026-0206,Customer#000000206,abbcd6ae-24d2-9f64-10d7-3cd019d24577,ACME-MKT-USER-05
207,207,0207,INV-2026-0207,Customer#000000207,53fbefe9-ac22-dbec-02dd-e369ba2e73c9,TECH-FIN-USER-06
208,208,0208,INV-2026-0208,Customer#000000208,5b7b18a7-e3a9-5b99-acb7-030be16f31ae,LOGI-FIN-USER-07
209,209,0209,INV-2026-0209,Customer#000000209,d1dfeb68-ec6a-e06b-ef94-bbefdb84607f,LOGI-FIN-USER-08
210,210,0210,INV-2026-0210,Customer#000000210,bb4b67d0-db5c-69ba-c5b2-ae9c075acfee,LOGI-FIN-USER-09
211,211,0211,INV-2026-0211,Customer#000000211,76bfefb5-7cc7-2fc1-1da9-8bcb85a99eaf,ACME-FIN-USER-10
212,212,0212,INV-2026-0212,Customer#000000212,baafbbfa-03ce-2c28-6b26-8603b9e664a0,LOGI-OPS-USER-11
213,213,0213,INV-2026-0213,Customer#000000213,10a6978c-c23e-ae3a-1dd8-d71e96130da6,LOGI-FIN-USER-12
214,214,0214,INV-2026-0214,Customer#000000214,e1fbafba-b0eb-f64c-cc1b-7cae730b82fb,TECH-FIN-USER-13
215,215,0215,INV-2026-0215,Customer#000000215,4a3ee1f3-f623-d5ed-15d5-bbe57c10de0c,LOGI-MKT-USER-14
216,216,0216,INV-2026-0216,Customer#000000216,2ae2c9cb-b3b3-5efc-0bfd-e31e65efc4c6,ACME-MKT-USER-15
217,217,0217,INV-2026-0217,Customer#000000217,b11fcffd-4bbd-edff-6e74-f7e2ed003cfa,TECH-MKT-USER-16
218,218,0218,INV-2026-0218,Customer#000000218,1debdb92-f8d8-cbf2-840a-aef4bdb4ff0a,LOGI-MKT-USER-17
219,219,0219,INV-2026-0219,Customer#000000219,d0fe26b3-4aed-3ca2-ecda-6c0feded09ee,TECH-OPS-USER-18
220,220,0220,INV-2026-0220,Customer#000000220,c82bab0f-1eb6-87db-f4ff-e471d090bec5,TECH-FIN-USER-19
221,221,0221,INV-2026-0221,Customer#000000221,fccb51d9-292f-e8df-b1b1-d9211c8d9dbd,TECH-OPS-USER-20
222,222,0222,INV-2026-0222,Customer#000000222,a9d2ee0b-c20f-dcd2-b7ad-4302cbe7cb3a,LOGI-OPS-USER-21
223,223,0223,INV-2026-0223,Customer#000000223,6fbe35cc-17fe-414a-fafc-c7672deaeefa,ACME-FIN-USER-22
224,224,0224,INV-2026-0224,Customer#000000224,aabb88c0-07c3-9de7-f464-53c54352c3ed,TECH-FIN-USER-23
225,225,0225,INV-2026-0225,Customer#000000225,65beeffd-d13e-b488-df51-d4bb71bdcfd4,ACME-OPS-USER-24
226,226,0226,INV-2026-0226,Customer#000000226,bd38da8b-3fba-face-be4d-954983c51a6b,ACME-MKT-USER-25
227,227,0227,INV-2026-0227,Customer#000000227,0b7998a6-0951-d6bc-1652-7c7e5aac4d3c,LOGI-MKT-USER-26
228,228,0228,INV-2026-0228,Customer#000000228,b5a67fec-a0ef-ed5f-45cc-ab71c9e99c03,ACME-OPS-USER-27
229,229,0229,INV-2026-0229,Customer#000000229,e0bc79f8-bb70-be3e-7ddd-df48b42c9d22,LOGI-FIN-USER-28
230,230,0230,INV-2026-0230,Customer#000000230,0fa41f65-e11b-3c93-2ba1-fd249fadecbf,TECH-FIN-USER-29
231,231,0231,INV-2026-0231,Customer#000000231,0318bbed-aca6-daff-6db3-5daae4c8e5d6,LOGI-MKT-USER-30
232,232,0232,INV-2026-0232,Customer#000000232,6eff4afc-f12a-795b-a1fa-8ac802e7aa1c,ACME-MKT-USER-31
233,233,0233,INV-2026-0233,Customer#000000233,e3cc3026-b81a-e374-0e4f-cbefd8610aae,TECH-FIN-USER-32
234,234,0234,INV-2026-0234,Customer#000000234,4000ce1f-2cef-0bb7-dde8-95270e044e6d,ACME-FIN-USER-33
235,235,0235,INV-2026-0235,Customer#000000235,d9aaffbe-c527-d8ea-23af-fe10e9babf00,ACME-OPS-USER-34
236,236,0236,INV-2026-0236,Customer#000000236,59513a48-e5ff-9d26-b0b9-ba5a741efbf4,TECH-MKT-USER-35
237,237,0237,INV-2026-0237,Customer#000000237,790d14d3-42dc-e51f-6f53-569d5b1f839b,LOGI-OPS-USER-36
238,238,0238,INV-2026-0238,Customer#000000238,acb08cae-d3f5-a98d-13a3-40bfaeef8aec,TECH-FIN-USER-37
239,239,0239,INV-2026-0239,Customer#000000239,f2e3afaa-7fd8-1895-ae7f-0e3de35ce322,LOGI-OPS-USER-38
240,240,0240,INV-2026-0240,Customer#000000240,8cdb49c5-6fe8-69da-1db7-3ae86fb01fbe,LOGI-OPS-USER-39
241,241,0241,INV-2026-0241,Customer#000000241,38f44e9b-414a-5d8d-dd36-867cae21a0cf,ACME-FIN-USER-40
242,242,0242,INV-2026-0242,Customer#000000242,b0dfaea7-98df-bee8-1772-affd3dd6fb8d,LOGI-OPS-USER-41
243,243,0243,INV-2026-0243,Customer#000000243,be0ee7dd-fae5-aab7-eeae-f28dfddbf0a1,LOGI-MKT-USER-42
244,244,0244,INV-2026-0244,Customer#000000244,fadfab53-ef2f-0e78-6fee-eeedab74ce17,LOGI-MKT-USER-43
245,245,0245,INV-2026-0245,Customer#000000245,a8eccb42-11ae-a28c-ec01-bcf78ebbd48b,TECH-OPS-USER-44
246,246,0246,INV-2026-0246,Customer#000000246,3ecaad3e-bfd6-f2ff-acaf-8f7c4abf1d3a,TECH-OPS-USER-45
247,247,0247,INV-2026-0247,Customer#000000247,fecfc7ef-a8b6-f4c8-2acb-cfa33f634aa0,LOGI-MKT-USER-46
248,248,0248,INV-2026-0248,Customer#000000248,2bc8fe31-7ae2-b793-f528-6d3abfe1ac8d,TECH-OPS-USER-47
249,249,0249,INV-2026-0249,Customer#000000249,022ed4cf-af2d-8ff6-27fc-b8f8bbb1cbce,ACME-MKT-USER-48
250,250,0250,INV-2026-0250,Customer#000000250,d3d3cb22-43cc-0fb7-b9e0-6ebbe9cfbf7b,ACME-MKT-USER-49
251,251,0251,INV-2026-0251,Customer#000000251,2c546cfd-472d-158d-8159-fb1aff48ecd9,ACME-OPS-USER-50
252,252,0252,INV-2026-0252,Customer#000000252,f90d122c-1e77-6d40-8f82-e3a6cabfdcdd,ACME-OPS-USER-51
253,253,0253,INV-2026-0253,Customer#000000253,e87afbdc-a20b-328a-1fff-5df4fbb69edb,TECH-MKT-USER-52
254,254,0254,INV-2026-0254,Customer#000000254,ce8611ae-31ac-adf9-baab-fdf8deaffa5a,LOGI-MKT-USER-53
255,255,0255,INV-2026-0255,Customer#000000255,ddfedb41-cbe9-882e-5ba2-664ac46eec0a,LOGI-OPS-USER-54
256,256,0256,INV-2026-0256,Customer#000000256,10a627f8-094b-d9e0-a5a8-8db5fe93a0df,ACME-FIN-USER-55
257,257,0257,INV-2026-0257,Customer#000000257,62970eef-f2aa-e2ab-8fac-2fb270f1c9d0,TECH-OPS-USER-56
258,258,0258,INV-2026-0258,Customer#000000258,619da462-5fe9-ab2a-d4cd-32864304d8bf,ACME-FIN-USER-57
259,259,0259,INV-2026-0259,Customer#000000259,7abe6567-9710-1a4a-d24e-7620cc7a7bb8,LOGI-OPS-USER-58
260,260,0260,INV-2026-0260,Customer#000000260,48d2a2ce-e4fe-1c7f-f4f0-4c5dcdfd9fe1,TECH-MKT-USER-59
261,261,0261,INV-2026-0261,Customer#000000261,eb0df20c-bfa8-fdf3-a8b8-5434fdbafb64,LOGI-OPS-USER-60
262,262,0262,INV-2026-0262,Customer#000000262,c31503de-5be5-cb07-d81f-cf8d71bc4f3f,LOGI-MKT-USER-61
263,263,0263,INV-2026-0263,Customer#000000263,fbb2a8ed-dcb4-5cba-35f8-d234c4aae033,TECH-MKT-USER-62
264,264,0264,INV-2026-0264,Customer#000000264,d115ef2b-fbd8-0cae-0513-d0ff2a7f4ac9,ACME-OPS-USER-63
265,265,0265,INV-2026-0265,Customer#000000265,731fd2c2-6bc3-e093-e4d8-dc2322f7d2ee,ACME-MKT-USER-64
266,266,0266,INV-2026-0266,Customer#000000266,39739dfd-6d5a-85db-bcfb-339bfb29f372,TECH-OPS-USER-65
267,267,0267,INV-2026-0267,Customer#000000267,79f9b7be-59ab-bc8c-9cfa-f50f0cfe17cd,ACME-OPS-USER-66
268,268,0268,INV-2026-0268,Customer#000000268,acce944a-2f3a-f912-cad3-3350c9aa3bea,LOGI-OPS-USER-67
269,269,0269,INV-2026-0269,Customer#000000269,9e021ed3-389e-9f5c-65e5-28ea818cfd1f,TECH-OPS-USER-68
270,270,0270,INV-2026-0270,Customer#000000270,e8818952-7b75-3240-e44e-51c0fa126faf,LOGI-FIN-USER-69
271,271,0271,INV-2026-0271,Customer#000000271,6872e7db-bb0b-ad03-f1de-54e3ffbfdba9,ACME-OPS-USER-70
272,272,0272,INV-2026-0272,Customer#000000272,6de0ff5f-dfcf-20a6-dbda-a361c71faffa,TECH-MKT-USER-71
273,273,0273,INV-2026-0273,Customer#000000273,eefa768d-e9bd-6199-df0f-1bfc328cc4de,TECH-OPS-USER-72
274,274,0274,INV-2026-0274,Customer#000000274,abc232f8-9817-d4a2-abe3-4cfb1bbf440a,TECH-OPS-USER-73
275,275,0275,INV-2026-0275,Customer#000000275,53361d99-4d41-d9f6-4eab-bf9ecccd4fc3,LOGI-MKT-USER-74
276,276,0276,INV-2026-0276,Customer#000000276,aa63a3d2-f8b0-9c29-f24f-9c387efc0b0d,LOGI-FIN-USER-75
277,277,0277,INV-2026-0277,Customer#000000277,fea97bba-2393-db8c-f96d-ecfb2ed9aae2,TECH-MKT-USER-76
278,278,0278,INV-2026-0278,Customer#000000278,c0694a84-a2fe-9cfa-0846-d5cb95d9038b,LOGI-MKT-USER-77
279,279,0279,INV-2026-0279,Customer#000000279,63c9c8d8-1e9e-8a86-35f2-2c8aec37200a,ACME-FIN-USER-78
280,280,0280,INV-2026-0280,Customer#000000280,dbfc0afd-b4e4-4cfb-8511-30fd2e23531c,ACME-OPS-USER-79
281,281,0281,INV-2026-0281,Customer#000000281,2b9ad49d-d936-dedc-277f-d0b52dbba48d,ACME-OPS-USER-80
282,282,0282,INV-2026-0282,Customer#000000282,31f2642f-eab9-ee54-cff2-bc34f99d5728,ACME-MKT-USER-81
283,283,0283,INV-2026-0283,Customer#000000283,7dc9df59-ddeb-82b9-4548-360ff4c75164,ACME-FIN-USER-82
284,284,0284,INV-2026-0284,Customer#000000284,cfebecef-9b41-a162-9dd5-00bc0a2f0bb7,ACME-FIN-USER-83
285,285,0285,INV-2026-0285,Customer#000000285,ac96671b-a16f-aeec-e24c-3fcf41fbbb0f,ACME-OPS-USER-84
286,286,0286,INV-2026-0286,Customer#000000286,d0165fb8-fec2-73cc-deeb-5aa6aa2af7c5,LOGI-MKT-USER-85
287,287,0287,INV-2026-0287,Customer#000000287,cf1a4ea8-a7ba-b6ef-ec22-e89d4819fec2,TECH-FIN-USER-86
288,288,0288,INV-2026-0288,Customer#000000288,a5d40e95-e193-bb15-2ea9-68dba9eef410,TECH-FIN-USER-87
289,289,0289,INV-2026-0289,Customer#000000289,124df82a-d54b-76da-2bfa-6d5614d30a73,TECH-FIN-USER-88
290,290,0290,INV-2026-0290,Customer#000000290,3a07a0da-00e6-5bab-2b7a-7ce5ac67bedc,TECH-FIN-USER-89
291,291,0291,INV-2026-0291,Customer#000000291,5be394f7-0cf9-41e8-26db-efd3e77ce64c,LOGI-OPS-USER-90
292,292,0292,INV-2026-0292,Customer#000000292,c2bcb720-e3eb-6c3a-1694-c2a07c13dbbf,LOGI-FIN-USER-91
293,293,0293,INV-2026-0293,Customer#000000293,ef3a9e60-e5e8-8dde-d39d-b3a59466ea4b,TECH-FIN-USER-92
294,294,0294,INV-2026-0294,Customer#000000294,396efa99-90cf-9ad6-5b2b-c6a880bda11c,LOGI-FIN-USER-93
295,295,0295,INV-2026-0295,Customer#000000295,726a71ae-a143-aa4e-c66f-0af20d224ac9,ACME-FIN-USER-94
296,296,0296,INV-2026-0296,Customer#000000296,6a45c5d9-e230-3a5b-f4a6-2c868bab3628,LOGI-OPS-USER-95
297,297,0297,INV-2026-0297,Customer#000000297,0ee9d73d-a03b-c4db-b33e-cac3bee1cafd,ACME-MKT-USER-96
298,298,0298,INV-2026-0298,Customer#000000298,fbe5fccc-c10a-5eae-75ae-b2da8fe150a9,TECH-MKT-USER-97
299,299,0299,INV-2026-0299,Customer#000000299,d03292ec-4ae4-a9bb-10f2-030bcd7ffab4,ACME-MKT-USER-98
300,300,0300,INV-2026-0300,Customer#000000300,cb7dcb9d-dc2b-2a1b-0c6c-87d36b5bd6dc,ACME-MKT-USER-99
301,301,0301,INV-2026-0301,Customer#000000301,ae50757a-3cae-ed51-edfa-0fedd1ce500b,LOGI-OPS-USER-00
302,302,0302,INV-2026-0302,Customer#000000302,96cf01bb-bcfa-c1af-9939-df84915c4adb,LOGI-FIN-USER-01
303,303,0303,INV-2026-0303,Customer#000000303,f0fb1230-7e56-da21-5baa-7e4feb6eb5fb,ACME-OPS-USER-02
304,304,0304,INV-2026-0304,Customer#000000304,dfd643f5-a48b-3ffe-92a0-68c16dac8044,TECH-MKT-USER-03
305,305,0305,INV-2026-0305,Customer#000000305,16b70dde-dbda-7c99-aa12-8feceaccb38a,ACME-FIN-USER-04
306,306,0306,INV-2026-0306,Customer#000000306,d6f6fa6c-0655-ea06-ecc9-0007ec8c1dce,TECH-FIN-USER-05
307,307,0307,INV-2026-0307,Customer#000000307,5b5a53de-5e4b-96c5-eff0-ccb052b214cc,LOGI-OPS-USER-06
308,308,0308,INV-2026-0308,Customer#000000308,1960d7fd-8e60-863d-246f-abfe8ce3aeff,ACME-MKT-USER-07
309,309,0309,INV-2026-0309,Customer#000000309,bcc9acb1-ab95-c655-a7aa-25ad77beed99,LOGI-FIN-USER-08
310,310,0310,INV-2026-0310,Customer#000000310,e5eeedb7-28b3-ad43-939a-fa2dc031bb89,ACME-OPS-USER-09
311,311,0311,INV-2026-0311,Customer#000000311,f567c7d2-f1ee-eda9-afaf-ccb30de973f6,ACME-FIN-USER-10
312,312,0312,INV-2026-0312,Customer#000000312,67cdcc97-733b-af4b-cd26-269d6efaee34,LOGI-FIN-USER-11
313,313,0313,INV-2026-0313,Customer#000000313,0dfbb0c0-4eca-bc62-fc99-5dfa271ba7b6,LOGI-MKT-USER-12
314,314,0314,INV-2026-0314,Customer#000000314,bbf6e9eb-6ced-0d03-8ee5-3ba64deca01c,ACME-MKT-USER-13
315,315,0315,INV-2026-0315,Customer#000000315,3958ceae-3656-ab87-a22d-a6f7e2a72ffb,TECH-OPS-USER-14
316,316,0316,INV-2026-0316,Customer#000000316,df054c8c-7e9b-951a-4d19-4dbb2fd2be08,LOGI-OPS-USER-15
317,317,0317,INV-2026-0317,Customer#000000317,eaceb743-bc5b-e74a-e00e-28a365a552be,ACME-MKT-USER-16
318,318,0318,INV-2026-0318,Customer#000000318,dc1bfa0a-be2c-8ccb-9a6a-2fc894866fb8,TECH-MKT-USER-17
319,319,0319,INV-2026-0319,Customer#000000319,88c24f85-8ce7-bf23-da53-dafc5a56737c,TECH-FIN-USER-18
320,320,0320,INV-2026-0320,Customer#000000320,54caaf5a-acaa-e912-0b24-d2dadb3d902f,LOGI-MKT-USER-19
321,321,0321,INV-2026-0321,Customer#000000321,57dc36fb-e8da-47af-e3fa-63af0f42a2dd,ACME-OPS-USER-20
322,322,0322,INV-2026-0322,Customer#000000322,dd7046e9-a8ae-ce4d-243c-2be8ccdfade4,ACME-FIN-USER-21
323,323,0323,INV-2026-0323,Customer#000000323,f2b33d7d-1b9e-7b2c-88a6-bbdcfecfccab,LOGI-FIN-USER-22
324,324,0324,INV-2026-0324,Customer#000000324,c9708aea-4cfe-83a0-9b06-285ed06a0f5d,LOGI-FIN-USER-23
325,325,0325,INV-2026-0325,Customer#000000325,cefdaada-b00d-3ad2-9c1e-12bf4d0cc6fd,LOGI-MKT-USER-24
326,326,0326,INV-2026-0326,Customer#000000326,ebe8ce1c-ba19-64b3-ac06-77cfca21a4df,ACME-FIN-USER-25
327,327,0327,INV-2026-0327,Customer#000000327,481f5ced-4a21-f336-44d3-6f5ac7e9dc0c,TECH-FIN-USER-26
328,328,0328,INV-2026-0328,Customer#000000328,b4f7bb4f-bcb1-b5a0-2e43-c88c0fdd097e,ACME-FIN-USER-27
329,329,0329,INV-2026-0329,Customer#000000329,e6a40bac-98c5-87e6-fdad-b9be80bedfe4,LOGI-FIN-USER-28
330,330,0330,INV-2026-0330,Customer#000000330,27ff6aba-303d-6154-15fc-8a7affeecfa2,ACME-OPS-USER-29
331,331,0331,INV-2026-0331,Customer#000000331,a2bdca98-1aac-4da8-7cda-ee34497e968c,ACME-OPS-USER-30
332,332,0332,INV-2026-0332,Customer#000000332,f93fca1f-2cb0-7c8a-af8a-65ddb98a7b8b,TECH-MKT-USER-31
333,333,0333,INV-2026-0333,Customer#000000333,ad10ef5b-dd9a-0da1-d89e-a05699602ab8,ACME-FIN-USER-32
334,334,0334,INV-2026-0334,Customer#000000334,b23ad7ad-edec-c070-dfb2-bf7e684afa1e,ACME-FIN-USER-33
335,335,0335,INV-2026-0335,Customer#000000335,cfdbbf1c-4e6f-4b18-3604-be6abd24f4da,LOGI-OPS-USER-34
336,336,0336,INV-2026-0336,Customer#000000336,cd78e077-9aa4-fe50-cfdc-74f866e0d379,ACME-OPS-USER-35
337,337,0337,INV-2026-0337,Customer#000000337,ca5e2dc2-4fc3-3ba8-8a9d-772dfa6b8caa,TECH-FIN-USER-36
338,338,0338,INV-2026-0338,Customer#000000338,e36b7a3d-8ef9-ed3d-fdae-75ca28adeccc,ACME-OPS-USER-37
339,339,0339,INV-2026-0339,Customer#000000339,8d3ee76d-4a5d-fbfb-2d7e-3af00edfc195,LOGI-MKT-USER-38
340,340,0340,INV-2026-0340,Customer#000000340,2beb0af6-8ca7-fbe9-235c-a2397eb42e1d,TECH-FIN-USER-39
341,341,0341,INV-2026-0341,Customer#000000341,a7f79560-3b0d-cf6f-c6fe-3b2dc55cc308,LOGI-MKT-USER-40
342,342,0342,INV-2026-0342,Customer#000000342,dbadfecb-b8ee-daa8-e144-3da24ace0acb,ACME-MKT-USER-41
343,343,0343,INV-2026-0343,Customer#000000343,4e8271cb-adf1-c55a-fe5f-a0dc24c1db15,LOGI-MKT-USER-42
344,344,0344,INV-2026-0344,Customer#000000344,a2d1b1a9-a2cd-609d-f9ec-daf585d7a6e5,LOGI-FIN-USER-43
345,345,0345,INV-2026-0345,Customer#000000345,7ebd2a40-dba3-ae2c-7fc4-2566aafe4e74,TECH-FIN-USER-44
346,346,0346,INV-2026-0346,Customer#000000346,cd3ffebb-5eac-6377-a998-9a8f7bfa0f4f,TECH-OPS-USER-45
347,347,0347,INV-2026-0347,Customer#000000347,098cabd9-613f-edee-b8ff-5fc117b96ad1,LOGI-OPS-USER-46
348,348,0348,INV-2026-0348,Customer#000000348,cdccc97c-ecbf-3adf-af7a-a47574f5de3e,TECH-OPS-USER-47
349,349,0349,INV-2026-0349,Customer#000000349,bbc1f8cf-fd7b-6711-2c23-bccae41fbadf,ACME-MKT-USER-48
350,350,0350,INV-2026-0350,Customer#000000350,73c9baed-86d8-073c-cabe-4cedfc4362be,ACME-FIN-USER-49
351,351,0351,INV-2026-0351,Customer#000000351,bf765469-5e47-3d9c-89aa-89848b23ef2a,ACME-OPS-USER-50
352,352,0352,INV-2026-0352,Customer#000000352,a7f941ba-be08-9f27-61ee-5febd0fad0c3,ACME-FIN-USER-51
353,353,0353,INV-2026-0353,Customer#000000353,b3a0d4a6-dc93-b3be-8eb0-488cd000aa38,LOGI-OPS-USER-52
354,354,0354,INV-2026-0354,Customer#000000354,af327491-fa9d-9cb0-ad57-bfe2acc2bb3e,LOGI-FIN-USER-53
355,355,0355,INV-2026-0355,Customer#000000355,f6d55a6f-acbf-5d78-3aca-bdbf0dc580ac,ACME-MKT-USER-54
356,356,0356,INV-2026-0356,Customer#000000356,df8f959a-eb7f-47da-a2ca-5b90b2fc2f27,TECH-OPS-USER-55
357,357,0357,INV-2026-0357,Customer#000000357,ceff4cdb-3eb4-abbc-b1bb-ff33edc4efbf,TECH-FIN-USER-56
358,358,0358,INV-2026-0358,Customer#000000358,6fe6dfda-2e05-c6ed-f193-cabe5be84c1f,TECH-FIN-USER-57
359,359,0359,INV-2026-0359,Customer#000000359,d2ae39ea-0262-dae6-2a91-fe75f8d2acdf,TECH-OPS-USER-58
360,360,0360,INV-2026-0360,Customer#000000360,42fdd7de-cf9e-d6f6-5b9c-f12b5ade2bfc,LOGI-OPS-USER-59
361,361,0361,INV-2026-0361,Customer#000000361,dde02ce2-2f5c-fdbf-0e9a-c08ba9d43d76,TECH-FIN-USER-60
362,362,0362,INV-2026-0362,Customer#000000362,ac5c7f59-1af5-b4ac-787b-cc7dac5c2fe6,TECH-MKT-USER-61
363,363,0363,INV-2026-0363,Customer#000000363,485f7bda-f72c-dfca-b8f4-1dd85fb8e2fb,TECH-MKT-USER-62
364,364,0364,INV-2026-0364,Customer#000000364,c1f90ce6-acf5-4e40-50dc-9cc9ccddfaff,TECH-OPS-USER-63
365,365,0365,INV-2026-0365,Customer#000000365,8de77f2c-f5b2-fbba-6bdf-fecfac1da9e3,LOGI-OPS-USER-64
366,366,0366,INV-2026-0366,Customer#000000366,c17d3f1f-ceaf-afef-49be-7cde3be60df7,ACME-FIN-USER-65
367,367,0367,INV-2026-0367,Customer#000000367,dbaa5da3-3ea2-1ece-88f3-727fda484fd7,ACME-MKT-USER-66
368,368,0368,INV-2026-0368,Customer#000000368,5d1cf20f-076b-c813-eabf-2f3839cabb9d,LOGI-FIN-USER-67
369,369,0369,INV-2026-0369,Customer#000000369,b6673bda-dfee-ec89-2c78-5b487eebefc2,LOGI-FIN-USER-68
370,370,0370,INV-2026-0370,Customer#000000370,e7bcb8c4-794e-9910-2cd6-faafb0e6cdbe,LOGI-FIN-USER-69
371,371,0371,INV-2026-0371,Customer#000000371,b164f1cd-ab38-fe2e-df14-4e0e4fe05bcf,TECH-FIN-USER-70
372,372,0372,INV-2026-0372,Customer#000000372,8c035ed9-cdd4-da5f-996d-badd8f9e4e2d,TECH-FIN-USER-71
373,373,0373,INV-2026-0373,Customer#000000373,47e5ee8b-6c22-cdec-a2fa-25c4ab5d93d0,LOGI-FIN-USER-72
374,374,0374,INV-2026-0374,Customer#000000374,af003c53-ad18-eb4d-7f09-cd63c621b0ff,TECH-OPS-USER-73
375,375,0375,INV-2026-0375,Customer#000000375,0df0018c-ca0c-0cac-8f8e-5a5fead9d46a,TECH-OPS-USER-74
376,376,0376,INV-2026-0376,Customer#000000376,d80b3afb-48c7-e99a-9877-8f4444deddca,TECH-OPS-USER-75
377,377,0377,INV-2026-0377,Customer#000000377,e432e6cb-d14c-38b3-9f8e-6ac38b49ad2e,TECH-MKT-USER-76
378,378,0378,INV-2026-0378,Customer#000000378,edadeb10-c1c6-d434-c7ec-caf62cd39bd3,LOGI-MKT-USER-77
379,379,0379,INV-2026-0379,Customer#000000379,affdfe39-a288-30fb-ec4d-fecdfd12683f,LOGI-FIN-USER-78
380,380,0380,INV-2026-0380,Customer#000000380,f7fe1db0-d93c-46be-ad15-6990aaa1c2fd,LOGI-MKT-USER-79
381,381,0381,INV-2026-0381,Customer#000000381,08d80ef7-bcb8-7efc-a5ee-1e7b2bb2183b,ACME-FIN-USER-80
382,382,0382,INV-2026-0382,Customer#000000382,00bdd3dd-adb2-2f4a-12e0-b5117ba4fd46,LOGI-MKT-USER-81
383,383,0383,INV-2026-0383,Customer#000000383,d140343b-fff1-47f3-dddb-69cabef5a117,LOGI-FIN-USER-82
384,384,0384,INV-2026-0384,Customer#000000384,db1af0a1-ce7e-e15c-9aaa-a6f4c07aaecf,TECH-OPS-USER-83
385,385,0385,INV-2026-0385,Customer#000000385,93a9036f-d80b-e3d4-2837-086fc5af9e3f,ACME-OPS-USER-84
386,386,0386,INV-2026-0386,Customer#000000386,f17a65eb-9063-df92-26fb-d8f199475d6e,TECH-OPS-USER-85
387,387,0387,INV-2026-0387,Customer#000000387,cc7427df-5d5c-aa0b-2ad1-addf59bb63c1,ACME-FIN-USER-86
388,388,0388,INV-2026-0388,Customer#000000388,d7ca367f-dbce-fd2a-a4b6-b9c0530ea1ae,ACME-OPS-USER-87
389,389,0389,INV-2026-0389,Customer#000000389,dcda266f-932f-2dc8-6fcd-e87c06ccd1f2,ACME-FIN-USER-88
390,390,0390,INV-2026-0390,Customer#000000390,323f2771-7181-9bfc-143a-d51f0efa0aee,ACME-MKT-USER-89
391,391,0391,INV-2026-0391,Customer#000000391,78d8b60f-9140-5a71-dbc8-30dd588ca54d,TECH-FIN-USER-90
392,392,0392,INV-2026-0392,Customer#000000392,e99fea42-82e4-aa6f-4d6a-e5dc400cc4e8,TECH-OPS-USER-91
393,393,0393,INV-2026-0393,Customer#000000393,fd3ac6fc-5ddc-dcee-68c3-1449d190ad65,ACME-FIN-USER-92
394,394,0394,INV-2026-0394,Customer#000000394,eaf0ea01-5dcc-5faa-31e0-ac9fc01a66ab,ACME-MKT-USER-93
395,395,0395,INV-2026-0395,Customer#000000395,5d590edc-9ea5-c18d-aa3e-8c3a738a76ba,TECH-MKT-USER-94
396,396,0396,INV-2026-0396,Customer#000000396,b79dd77a-ac30-bcdd-bc3b-3b4f192b020e,LOGI-FIN-USER-95
397,397,0397,INV-2026-0397,Customer#000000397,afba7c8e-bc47-8a2e-9cd4-0bb231e58cb2,ACME-FIN-USER-96
398,398,0398,INV-2026-0398,Customer#000000398,064ce192-ee0d-786d-edde-fa75abaa9cde,LOGI-OPS-USER-97
399,399,0399,INV-2026-0399,Customer#000000399,f8fa1525-cd28-7da7-cf9d-2fde0b136cbb,LOGI-FIN-USER-98
400,400,0400,INV-2026-0400,Customer#000000400,52b39c0d-9ff1-a58a-e386-4dcafbe232fd,ACME-OPS-USER-99
401,401,0401,INV-2026-0401,Customer#000000401,ab9fd8b9-09f1-1dea-b5e3-0144eccafec2,ACME-FIN-USER-00
402,402,0402,INV-2026-0402,Customer#000000402,46a88b0b-5b6b-75a4-ea43-cdc1ec3aaf13,LOGI-OPS-USER-01
403,403,0403,INV-2026-0403,Customer#000000403,c74519db-0ee8-dda2-dbde-a3d6b9011d3e,TECH-OPS-USER-02
404,404,0404,INV-2026-0404,Customer#000000404,8abe6b76-eb8d-ffed-eca2-a7bd5556b6dd,LOGI-FIN-USER-03
405,405,0405,INV-2026-0405,Customer#000000405,76cb959e-ad3a-6f7b-7bc3-fde4bc4ea5a5,LOGI-OPS-USER-04
406,406,0406,INV-2026-0406,Customer#000000406,b3d5fbf0-4eea-fc6c-419f-da8237b1c6c5,ACME-MKT-USER-05
407,407,0407,INV-2026-0407,Customer#000000407,f4dc07d6-95dc-5cc3-c64b-c4de2af5a2c4,TECH-MKT-USER-06
408,408,0408,INV-2026-0408,Customer#000000408,334256cd-8421-f9a8-d8b5-dabb7adcd8fd,LOGI-MKT-USER-07
409,409,0409,INV-2026-0409,Customer#000000409,8b468565-da0e-5f9b-878a-fe1558fa3ced,ACME-FIN-USER-08
410,410,0410,INV-2026-0410,Customer#000000410,f8a1e2f1-1e96-c6e5-6b52-1ebee3ced5b4,LOGI-FIN-USER-09
411,411,0411,INV-2026-0411,Customer#000000411,12b32aaf-3e50-cab0-b121-32ccc65325ea,ACME-OPS-USER-10
412,412,0412,INV-2026-0412,Customer#000000412,26baacfd-aebb-cc85-e3c2-01fc2d860aa4,LOGI-FIN-USER-11
413,413,0413,INV-2026-0413,Customer#000000413,9ca3b83d-d58f-842f-53e2-87edd16cc0fc,ACME-OPS-USER-12
414,414,0414,INV-2026-0414,Customer#000000414,76b02ac1-bd89-7d77-8bcd-a9becabf3c7f,LOGI-MKT-USER-13
415,415,0415,INV-2026-0415,Customer#000000415,d3a4d640-0294-bd9c-f4f3-0fb4e3e2eb7a,TECH-OPS-USER-14
416,416,0416,INV-2026-0416,Customer#000000416,f5cdb7eb-eccf-bb5b-95e6-ff1db5ccc4fa,ACME-FIN-USER-15
417,417,0417,INV-2026-0417,Customer#000000417,fb98c65d-eebe-1899-f786-afe84955b7dd,ACME-FIN-USER-16
418,418,0418,INV-2026-0418,Customer#000000418,1b0ba2fb-ef03-2f8f-c7c0-d70cfdc438f2,LOGI-OPS-USER-17
419,419,0419,INV-2026-0419,Customer#000000419,dbc61d5e-f2df-0cef-b7b6-f8b5f675331c,ACME-FIN-USER-18
420,420,0420,INV-2026-0420,Customer#000000420,2931afcf-92ee-cce4-a034-10c54ae8f727,LOGI-OPS-USER-19
421,421,0421,INV-2026-0421,Customer#000000421,efad4d35-2d70-3ba6-4300-77d72af43eca,TECH-MKT-USER-20
422,422,0422,INV-2026-0422,Customer#000000422,8bce4aa0-fd6f-a60c-f1c9-adcec45dcbec,TECH-OPS-USER-21
423,423,0423,INV-2026-0423,Customer#000000423,054c5011-bbde-0daa-baea-cbcbce8f3e09,TECH-MKT-USER-22
424,424,0424,INV-2026-0424,Customer#000000424,5a2ea365-39a7-a6ff-e132-ee1aa53a7bcb,LOGI-FIN-USER-23
425,425,0425,INV-2026-0425,Customer#000000425,adb723bb-50eb-b113-3bba-ed0cb9bb83da,LOGI-MKT-USER-24
426,426,0426,INV-2026-0426,Customer#000000426,ffacebca-78d0-4c0e-87a0-6a22badacca2,ACME-MKT-USER-25
427,427,0427,INV-2026-0427,Customer#000000427,66c6c16f-3583-791b-1660-f7fdedc7257d,ACME-MKT-USER-26
428,428,0428,INV-2026-0428,Customer#000000428,4b56ccbc-bccf-6c6d-a0e9-e511ec2aa7b5,LOGI-MKT-USER-27
429,429,0429,INV-2026-0429,Customer#000000429,d574ef2b-aa2a-cf58-edca-ca59d8c62f9c,TECH-FIN-USER-28
430,430,0430,INV-2026-0430,Customer#000000430,ddf5d02c-afcb-cf5f-5511-8f62042f9793,LOGI-FIN-USER-29
431,431,0431,INV-2026-0431,Customer#000000431,d79ee94d-47dc-eae9-593b-cab42663aaa1,TECH-OPS-USER-30
432,432,0432,INV-2026-0432,Customer#000000432,644dcf5a-92be-8fce-3585-2cb681f2d55f,LOGI-MKT-USER-31
433,433,0433,INV-2026-0433,Customer#000000433,ceedf0f7-fcc0-426a-5bcd-efc78dd7c7ab,TECH-FIN-USER-32
434,434,0434,INV-2026-0434,Customer#000000434,9cf2d5d4-9f1e-f92a-425e-9fedd2ed25da,ACME-FIN-USER-33
435,435,0435,INV-2026-0435,Customer#000000435,a63aaeaf-bd2b-5c0f-eac3-afce4c503c46,ACME-MKT-USER-34
436,436,0436,INV-2026-0436,Customer#000000436,9d0ff8aa-c9fc-3830-3c91-3199f3ffdbdd,LOGI-OPS-USER-35
437,437,0437,INV-2026-0437,Customer#000000437,d3fbce9d-b654-aa08-8bed-2fd5fe2aeca2,LOGI-FIN-USER-36
438,438,0438,INV-2026-0438,Customer#000000438,b52dbdd5-c7b5-7239-c4b4-dbd1fca736c0,ACME-FIN-USER-37
439,439,0439,INV-2026-0439,Customer#000000439,bfcf13ae-1fab-9de1-df03-782eea51bdca,TECH-MKT-USER-38
440,440,0440,INV-2026-0440,Customer#000000440,e13abb6a-ba01-ed8e-1f63-829bbf8163ca,LOGI-MKT-USER-39
441,441,0441,INV-2026-0441,Customer#000000441,0a85dda7-fabe-cb21-bed5-bdea5afecad5,ACME-OPS-USER-40
442,442,0442,INV-2026-0442,Customer#000000442,f4e85e38-efbe-e660-da2f-c92f5a08ed3e,TECH-OPS-USER-41
443,443,0443,INV-2026-0443,Customer#000000443,d085e7f6-fe01-8966-cbbe-aa8cb3f7fac1,LOGI-OPS-USER-42
444,444,0444,INV-2026-0444,Customer#000000444,0f1c5e4a-7c56-f843-22db-fbbd4dd44874,TECH-FIN-USER-43
445,445,0445,INV-2026-0445,Customer#000000445,ffedba78-ab8c-dd04-cf02-b22de58af56f,ACME-MKT-USER-44
446,446,0446,INV-2026-0446,Customer#000000446,dede8d7d-1dbd-ec26-5b70-3f4b34d35671,TECH-FIN-USER-45
447,447,0447,INV-2026-0447,Customer#000000447,fc6b8acd-b7a8-9b1f-22b0-04fb48d1d03a,TECH-MKT-USER-46
448,448,0448,INV-2026-0448,Customer#000000448,4ea5719c-92da-ae34-b5a0-5d0b946aecd3,ACME-FIN-USER-47
449,449,0449,INV-2026-0449,Customer#000000449,58f1e9fd-18cf-b630-ffc3-afddac8b6cdd,LOGI-MKT-USER-48
450,450,0450,INV-2026-0450,Customer#000000450,efad6b88-e572-0b6d-f434-4bc63f8ce8ff,TECH-FIN-USER-49
451,451,0451,INV-2026-0451,Customer#000000451,82af09a6-efb4-ed75-e3da-cfcdfd23fd7c,ACME-OPS-USER-50
452,452,0452,INV-2026-0452,Customer#000000452,c7e95b88-81c0-a9ef-34bc-fa545b5b6bd0,ACME-FIN-USER-51
453,453,0453,INV-2026-0453,Customer#000000453,a40c98d1-1cab-1eb7-fc11-bd66dc79bcbd,TECH-MKT-USER-52
454,454,0454,INV-2026-0454,Customer#000000454,93a460a9-63f9-38ce-d7c2-dfceefce1b0e,LOGI-MKT-USER-53
455,455,0455,INV-2026-0455,Customer#000000455,5f4912e7-e4e8-aea4-fde1-3849cf6acf84,TECH-FIN-USER-54
456,456,0456,INV-2026-0456,Customer#000000456,db6df3c1-d60b-9619-fc8b-edaabe1ceddc,ACME-FIN-USER-55
457,457,0457,INV-2026-0457,Customer#000000457,d5e9c7cb-f9ad-5c52-bbf8-7c9aafbe8e2a,ACME-OPS-USER-56
458,458,0458,INV-2026-0458,Customer#000000458,cadbbc0a-83e3-47e1-8d8b-b925caba3f3c,TECH-MKT-USER-57
459,459,0459,INV-2026-0459,Customer#000000459,fcbf5dbb-de2e-cbef-5c9f-f5fe6dcdc117,LOGI-MKT-USER-58
460,460,0460,INV-2026-0460,Customer#000000460,bfa0e2e5-b9ab-f4e9-81df-eadabcc9acc2,LOGI-MKT-USER-59
461,461,0461,INV-2026-0461,Customer#000000461,4f0e7b84-d515-0d7f-8dfc-026bb785e8d4,TECH-MKT-USER-60
462,462,0462,INV-2026-0462,Customer#000000462,6ed2bc58-dd4f-ee73-1e7b-7fae73c8cd4b,LOGI-OPS-USER-61
463,463,0463,INV-2026-0463,Customer#000000463,2ce2f80e-bfec-07ae-c44d-2ebce2aa1bfc,TECH-FIN-USER-62
464,464,0464,INV-2026-0464,Customer#000000464,188162c4-43d4-9ae2-b960-de3db6a1b38b,ACME-MKT-USER-63
465,465,0465,INV-2026-0465,Customer#000000465,da1a2a52-cbc7-337b-b917-bbb9963a77ae,LOGI-MKT-USER-64
466,466,0466,INV-2026-0466,Customer#000000466,7cfb6fd3-2fef-b972-cd0b-85e5f2ddcbd1,ACME-OPS-USER-65
467,467,0467,INV-2026-0467,Customer#000000467,704dc426-cb8c-faac-f49e-9ee308ba384f,LOGI-FIN-USER-66
468,468,0468,INV-2026-0468,Customer#000000468,b3bba414-3c06-2801-553f-a03ab1abda7a,TECH-MKT-USER-67
469,469,0469,INV-2026-0469,Customer#000000469,da8ce7db-be9d-ca8c-392a-1f4baeeffe73,LOGI-MKT-USER-68
470,470,0470,INV-2026-0470,Customer#000000470,e493297c-16c3-d78f-bcb7-e52faaa38507,TECH-MKT-USER-69
471,471,0471,INV-2026-0471,Customer#000000471,bbdf39cc-9431-15da-ba2a-d7cce53ba2b8,LOGI-FIN-USER-70
472,472,0472,INV-2026-0472,Customer#000000472,c3d5cded-bbc7-4af8-b4e8-1cafa466eebc,LOGI-OPS-USER-71
473,473,0473,INV-2026-0473,Customer#000000473,21c34add-03cb-ac70-6aea-4d409a4d2f31,ACME-MKT-USER-72
474,474,0474,INV-2026-0474,Customer#000000474,342ffaae-1da1-2823-2f9f-eeae4da0c97b,LOGI-FIN-USER-73
475,475,0475,INV-2026-0475,Customer#000000475,adbb2a62-6bfd-370e-f362-cdf8ffc1aeb4,LOGI-MKT-USER-74
476,476,0476,INV-2026-0476,Customer#000000476,d2fa02f2-6977-86e4-0edb-0fe9735a1d1f,ACME-OPS-USER-75
477,477,0477,INV-2026-0477,Customer#000000477,9c92cbe2-7e3d-d0fd-0107-dfca99bd8cb7,TECH-OPS-USER-76
478,478,0478,INV-2026-0478,Customer#000000478,ce5c3ba0-012b-24ba-9596-ea9002f82dd2,TECH-MKT-USER-77
479,479,0479,INV-2026-0479,Customer#000000479,11b821f7-fb6f-ea48-2409-7ce9fda4c7fb,ACME-MKT-USER-78
480,480,0480,INV-2026-0480,Customer#000000480,8ce9598c-1cbc-fa0f-8967-cab1ce250ecb,LOGI-FIN-USER-79
481,481,0481,INV-2026-0481,Customer#000000481,ccfffc6e-f635-d0ce-daeb-ba41a929da2d,ACME-FIN-USER-80
482,482,0482,INV-2026-0482,Customer#000000482,461a5537-4afe-dcef-90fe-39fe0abcb311,ACME-MKT-USER-81
483,483,0483,INV-2026-0483,Customer#000000483,e0bd2eee-b5fa-cddb-932f-fabdfebbcfed,TECH-MKT-USER-82
484,484,0484,INV-2026-0484,Customer#000000484,3a9d7bec-9b90-3b51-aa2c-c81d2e13decb,LOGI-MKT-USER-83
485,485,0485,INV-2026-0485,Customer#000000485,9d3f8eec-e107-f5bb-970d-e36dfc782ecc,LOGI-MKT-USER-84
486,486,0486,INV-2026-0486,Customer#000000486,e3edef6d-855d-0961-0c23-f7ac8b2bcb4b,LOGI-MKT-USER-85
487,487,0487,INV-2026-0487,Customer#000000487,bdd35afa-9c9d-164c-caf7-adbfdf24fd7f,ACME-OPS-USER-86
488,488,0488,INV-2026-0488,Customer#000000488,7b8bfe7f-aa5d-9edf-6b9c-aade1bfdcc0b,LOGI-FIN-USER-87
489,489,0489,INV-2026-0489,Customer#000000489,dac215bf-bcde-decd-bb5f-8d9e86d1756e,ACME-FIN-USER-88
490,490,0490,INV-2026-0490,Customer#000000490,dfe1fa7f-8f71-1f1c-bab4-69f2b581a1de,TECH-FIN-USER-89
491,491,0491,INV-2026-0491,Customer#000000491,6f51eff6-dcd9-9793-ce6d-a9b09eaf4bd9,ACME-OPS-USER-90
492,492,0492,INV-2026-0492,Customer#000000492,5882da76-2dd7-e0e9-c233-a9fae6261016,ACME-FIN-USER-91
493,493,0493,INV-2026-0493,Customer#000000493,8fbfbb81-af0a-b8ff-2d3d-e9b0b9f853b1,LOGI-FIN-USER-92
494,494,0494,INV-2026-0494,Customer#000000494,e1b5aa57-c8a1-cfd8-5b62-cabd7ae1e968,LOGI-OPS-USER-93
495,495,0495,INV-2026-0495,Customer#000000495,734d2e3f-9ada-ffdb-19ba-56eaa0dc831a,LOGI-FIN-USER-94
496,496,0496,INV-2026-0496,Customer#000000496,e1cd8507-d0db-5fb3-d5cd-0ccbabf8a6dc,TECH-FIN-USER-95
497,497,0497,INV-2026-0497,Customer#000000497,65e751bc-dfad-9b2e-eef7-e2bfb5b8dcfb,ACME-MKT-USER-96
498,498,0498,INV-2026-0498,Customer#000000498,d6fafc2c-e55b-cfbf-f324-c49b5b32ec0e,ACME-MKT-USER-97
499,499,0499,INV-2026-0499,Customer#000000499,43defc43-0243-01ba-800c-ddeef2cb4821,LOGI-FIN-USER-98
500,500,0500,INV-2026-0500,Customer#000000500,d675ecab-6bac-368f-6e20-afaae0b67a8c,TECH-FIN-USER-99
501,501,0501,INV-2026-0501,Customer#000000501,d19d851d-88df-fdef-0978-be5d0d8c494c,TECH-MKT-USER-00
502,502,0502,INV-2026-0502,Customer#000000502,fc88a059-cdca-fead-88d3-9198f5019ffa,LOGI-MKT-USER-01
503,503,0503,INV-2026-0503,Customer#000000503,cc40fc0e-d831-a76f-aafe-36db2ecc6dde,TECH-OPS-USER-02
504,504,0504,INV-2026-0504,Customer#000000504,33e7c9bd-e5a5-2c76-ac7b-2c3c8cf0a18e,TECH-OPS-USER-03
505,505,0505,INV-2026-0505,Customer#000000505,613c6dfb-eddd-61ae-eb35-91f1ebea01be,LOGI-MKT-USER-04
506,506,0506,INV-2026-0506,Customer#000000506,a12803ab-fe69-a07e-c9c2-0abde0adcedc,TECH-MKT-USER-05
507,507,0507,INV-2026-0507,Customer#000000507,ff4ebb9c-4c7d-6a2c-1dfe-f46b4ab073be,TECH-FIN-USER-06
508,508,0508,INV-2026-0508,Customer#000000508,f1d4db75-ac7e-91cf-9a9c-4f56b463b8fd,TECH-OPS-USER-07
509,509,0509,INV-2026-0509,Customer#000000509,eb71bef8-971f-3ca0-0ed7-0d60f25efab8,LOGI-MKT-USER-08
510,510,0510,INV-2026-0510,Customer#000000510,076ef1f3-0f85-bef1-3012-96bcd139be12,ACME-MKT-USER-09
511,511,0511,INV-2026-0511,Customer#000000511,ed7bfc9d-790c-2942-d17a-eeeec1f6e46f,ACME-MKT-USER-10
512,512,0512,INV-2026-0512,Customer#000000512,d262041d-f616-d24e-dd3b-7aef71808ae0,ACME-OPS-USER-11
513,513,0513,INV-2026-0513,Customer#000000513,cedc1895-bdfb-f2d4-4c6f-fc08aac70370,TECH-FIN-USER-12
514,514,0514,INV-2026-0514,Customer#000000514,f6286a5c-decb-4472-0bce-dc15efc950d2,TECH-OPS-USER-13
515,515,0515,INV-2026-0515,Customer#000000515,9bd0d7fe-7dcb-b7c4-3aa6-85c9b30fa745,TECH-FIN-USER-14
516,516,0516,INV-2026-0516,Customer#000000516,f2d2bc4a-04f3-ede1-db2c-a082229b7cad,LOGI-MKT-USER-15
517,517,0517,INV-2026-0517,Customer#000000517,af3f8bfa-beaa-fc1f-d3da-3b7ddef3fa03,ACME-MKT-USER-16
518,518,0518,INV-2026-0518,Customer#000000518,62ef2e11-6fea-eca1-ffcf-feaa2df6f3c2,TECH-OPS-USER-17
519,519,0519,INV-2026-0519,Customer#000000519,7ef284da-b9d8-80f1-fde9-a8cd4afef1fb,LOGI-FIN-USER-18
520,520,0520,INV-2026-0520,Customer#000000520,a8dc3ab2-b5ca-c183-cb42-ab8c8ccdaad8,LOGI-OPS-USER-19
521,521,0521,INV-2026-0521,Customer#000000521,e1b8766a-5e99-ffd4-490e-89232d263493,LOGI-OPS-USER-20
522,522,0522,INV-2026-0522,Customer#000000522,ec7e2bbd-0aed-f2d8-efdf-ec84cbdff6af,TECH-MKT-USER-21
523,523,0523,INV-2026-0523,Customer#000000523,1b454bb5-1ccb-88f8-aaec-579cdb5adde7,ACME-OPS-USER-22
524,524,0524,INV-2026-0524,Customer#000000524,8ac8edbf-1461-78bd-ceee-617ad7ec8c3c,ACME-FIN-USER-23
525,525,0525,INV-2026-0525,Customer#000000525,9f38ff58-e6fe-ec5d-eb66-6f1c4a4fe0bf,ACME-OPS-USER-24
526,526,0526,INV-2026-0526,Customer#000000526,ece328c2-e637-f6d9-db5c-ee1ae3eb0bbd,ACME-FIN-USER-25
527,527,0527,INV-2026-0527,Customer#000000527,da29f840-61ce-d739-b0e7-bf0eafa14ac4,TECH-FIN-USER-26
528,528,0528,INV-2026-0528,Customer#000000528,d4cba48b-fa30-287f-b8d0-ecda528dccfe,ACME-FIN-USER-27
529,529,0529,INV-2026-0529,Customer#000000529,3fb4ddd3-6cfc-b472-9170-8dcab8afabc4,ACME-FIN-USER-28
530,530,0530,INV-2026-0530,Customer#000000530,0287cccd-ccff-fabd-eab5-84953ffff33f,ACME-MKT-USER-29
531,531,0531,INV-2026-0531,Customer#000000531,2d53cea3-bfd4-a714-df78-18cdfd5c218b,TECH-FIN-USER-30
532,532,0532,INV-2026-0532,Customer#000000532,c0e5c62c-3d1b-3eb6-8cfe-866a7513d11f,TECH-FIN-USER-31
533,533,0533,INV-2026-0533,Customer#000000533,1ae75cec-8fd9-ab1b-b03f-e1da2e3145fd,LOGI-OPS-USER-32
534,534,0534,INV-2026-0534,Customer#000000534,ac90fa19-d5bf-498a-a7cb-de95e4dcef4d,LOGI-OPS-USER-33
535,535,0535,INV-2026-0535,Customer#000000535,74eebe32-121c-ba8f-caea-f09c86e98cde,ACME-OPS-USER-34
536,536,0536,INV-2026-0536,Customer#000000536,b87f0c08-7fa0-afcd-f92d-e3f44fdf3733,TECH-MKT-USER-35
537,537,0537,INV-2026-0537,Customer#000000537,46fcdedc-c78e-9967-5dea-651dd8eca5fc,TECH-MKT-USER-36
538,538,0538,INV-2026-0538,Customer#000000538,94dd5bee-c317-9dae-feba-bc5520dc2f2a,ACME-OPS-USER-37
539,539,0539,INV-2026-0539,Customer#000000539,7db4db8a-cc25-0696-e3dc-c3a722aacdbd,ACME-OPS-USER-38
540,540,0540,INV-2026-0540,Customer#000000540,cdcfc9be-de57-6578-14b8-d64c3e2c4a48,LOGI-FIN-USER-39
541,541,0541,INV-2026-0541,Customer#000000541,059cbfb8-cc0b-fefd-c6af-3b1ead15f6c1,ACME-MKT-USER-40
542,542,0542,INV-2026-0542,Customer#000000542,bce3bd68-3aaa-a42f-d522-8f4d545a1fe9,TECH-OPS-USER-41
543,543,0543,INV-2026-0543,Customer#000000543,e0c3ada6-d168-1e35-cab3-05eb1baebbbe,ACME-FIN-USER-42
544,544,0544,INV-2026-0544,Customer#000000544,933b6d1b-fe5d-ab2e-ef75-2bdce17bbe3e,LOGI-FIN-USER-43
545,545,0545,INV-2026-0545,Customer#000000545,7d13dbcf-8a65-baea-d9a1-4211bf0ffcba,ACME-MKT-USER-44
546,546,0546,INV-2026-0546,Customer#000000546,ef1ccafb-ed7c-d57d-ad22-3dea5c30c323,LOGI-OPS-USER-45
547,547,0547,INV-2026-0547,Customer#000000547,f5d8fda0-b4f6-9d0b-bbc7-503cd8b7dd4f,TECH-OPS-USER-46
548,548,0548,INV-2026-0548,Customer#000000548,dd8d4ed6-54ea-b373-9d71-b2ece361efa4,ACME-MKT-USER-47
549,549,0549,INV-2026-0549,Customer#000000549,6af89af3-8cfe-e087-5bec-242ea05bcf3c,ACME-FIN-USER-48
550,550,0550,INV-2026-0550,Customer#000000550,c2cb86ed-fbdb-bf60-a27c-1662c0b3eeae,TECH-FIN-USER-49
551,551,0551,INV-2026-0551,Customer#000000551,cbbfe6da-b292-63df-9314-616dbb2aeecc,ACME-FIN-USER-50
552,552,0552,INV-2026-0552,Customer#000000552,ad3acddc-beb4-a049-9aaf-17437b4271b5,LOGI-FIN-USER-51
553,553,0553,INV-2026-0553,Customer#000000553,c07fecde-cd18-f3a9-54cf-4dd8bf4ad172,LOGI-MKT-USER-52
554,554,0554,INV-2026-0554,Customer#000000554,eaa3a5cf-2f4e-b44d-2bbf-74aa1afae0ea,TECH-FIN-USER-53
555,555,0555,INV-2026-0555,Customer#000000555,e9d8c0db-2e5a-da99-ab2f-9ceb6e3efc38,TECH-MKT-USER-54
556,556,0556,INV-2026-0556,Customer#000000556,e883dc27-4ddd-37de-d096-3c05aa9cf19d,TECH-FIN-USER-55
557,557,0557,INV-2026-0557,Customer#000000557,ccd6e57d-c81b-bbc2-a6ae-78cb28bb56b3,LOGI-MKT-USER-56
558,558,0558,INV-2026-0558,Customer#000000558,bd73cf33-a86d-1c3b-5ba0-dc4e0aeb5dac,LOGI-FIN-USER-57
559,559,0559,INV-2026-0559,Customer#000000559,c9d0e980-0178-e2db-74ee-825ccfed691a,LOGI-FIN-USER-58
560,560,0560,INV-2026-0560,Customer#000000560,eb3db0d4-8f15-6e5d-e867-9d8e3e8b277d,TECH-FIN-USER-59
561,561,0561,INV-2026-0561,Customer#000000561,693e3d74-de90-aa8b-f7dd-72c540cf6a43,LOGI-FIN-USER-60
562,562,0562,INV-2026-0562,Customer#000000562,05242deb-5b3f-a95e-adcf-773e3c3c22ba,LOGI-FIN-USER-61
563,563,0563,INV-2026-0563,Customer#000000563,91ebe7d5-9558-4a6d-ac6c-c2cffa5cd05b,ACME-FIN-USER-62
564,564,0564,INV-2026-0564,Customer#000000564,4b9d14cb-d4eb-bdbc-73b4-6c4f62f8c474,LOGI-FIN-USER-63
565,565,0565,INV-2026-0565,Customer#000000565,2c29a6da-a983-bc16-48cc-dd9f7dcbf2bc,TECH-FIN-USER-64
566,566,0566,INV-2026-0566,Customer#000000566,cb5ef3fb-9bd3-66eb-6ade-fc9cdcd7f7be,LOGI-FIN-USER-65
567,567,0567,INV-2026-0567,Customer#000000567,c139cadd-ccc6-bed9-107c-6febbb4adb8b,ACME-FIN-USER-66
568,568,0568,INV-2026-0568,Customer#000000568,fe4bac21-5fab-6ecd-0bed-cccc9c83cec4,TECH-FIN-USER-67
569,569,0569,INV-2026-0569,Customer#000000569,deab0ff0-c728-a2cb-15c2-ca2d759cf7b2,LOGI-MKT-USER-68
570,570,0570,INV-2026-0570,Customer#000000570,26124a8d-ebb4-a394-7f85-7b1077daf1d6,LOGI-FIN-USER-69
571,571,0571,INV-2026-0571,Customer#000000571,1788cc7b-285f-dece-a303-dfe97531b5bf,ACME-FIN-USER-70
572,572,0572,INV-2026-0572,Customer#000000572,ddff7d7d-d6c0-824c-0a45-a42cd5552a56,ACME-FIN-USER-71
573,573,0573,INV-2026-0573,Customer#000000573,cc0a5aec-df03-ba6d-957f-2fcabd2a9d0f,LOGI-MKT-USER-72
574,574,0574,INV-2026-0574,Customer#000000574,fbaccba0-64bb-1ac9-af45-8a9c2fdd2e4c,TECH-FIN-USER-73
575,575,0575,INV-2026-0575,Customer#000000575,4225305e-3ddd-f7a0-a11f-fc5c38bce1ad,ACME-MKT-USER-74
576,576,0576,INV-2026-0576,Customer#000000576,e36e0ac3-85e8-48fc-b40c-fe32bd06b281,ACME-FIN-USER-75
577,577,0577,INV-2026-0577,Customer#000000577,c9e1eb07-b8bf-179b-07a6-1a3fc0b4a4be,ACME-FIN-USER-76
578,578,0578,INV-2026-0578,Customer#000000578,24bcaa18-32b5-df68-2acc-f1ca68f346ce,ACME-FIN-USER-77
579,579,0579,INV-2026-0579,Customer#000000579,72833e51-eee0-5a9c-d80e-9d6428ed6cfe,TECH-OPS-USER-78
580,580,0580,INV-2026-0580,Customer#000000580,c7b202c2-fbe2-bb8a-6db9-a9dfe2afdb5a,ACME-MKT-USER-79
581,581,0581,INV-2026-0581,Customer#000000581,a9eff206-c290-8aae-ae4d-a2475bb5e034,LOGI-OPS-USER-80
582,582,0582,INV-2026-0582,Customer#000000582,793c3f4f-fad7-7da0-0c8b-af9dd0bac158,ACME-FIN-USER-81
583,583,0583,INV-2026-0583,Customer#000000583,cc2ca35f-4ace-ecaf-00b7-bc1ce9f800dc,LOGI-MKT-USER-82
584,584,0584,INV-2026-0584,Customer#000000584,649df59e-b12d-ef73-cb30-dbe14a6998cd,TECH-MKT-USER-83
585,585,0585,INV-2026-0585,Customer#000000585,d689f2c5-e03a-ef33-49e6-0f807dafdab7,ACME-OPS-USER-84
586,586,0586,INV-2026-0586,Customer#000000586,6e4f0632-aec7-cfed-bf70-ed20a31901cb,TECH-FIN-USER-85
587,587,0587,INV-2026-0587,Customer#000000587,0fa3f2ae-972e-5b8a-9a4b-dea6ff6339fc,TECH-OPS-USER-86
588,588,0588,INV-2026-0588,Customer#000000588,c0d70aad-4aa3-5c9a-93ea-a2ae8fbcf87f,TECH-FIN-USER-87
589,589,0589,INV-2026-0589,Customer#000000589,c61edd8c-bcb6-a131-409e-b6cff26541fd,TECH-MKT-USER-88
590,590,0590,INV-2026-0590,Customer#000000590,321b95a7-7c3f-e66c-a2fa-4cba0e54ebbd,ACME-MKT-USER-89
591,591,0591,INV-2026-0591,Customer#000000591,1bc9085b-7220-2b84-a1f5-0f1de9c53feb,ACME-FIN-USER-90
592,592,0592,INV-2026-0592,Customer#000000592,41f29cde-116e-4ea2-2fac-ae9b2d8eaefd,ACME-MKT-USER-91
593,593,0593,INV-2026-0593,Customer#000000593,b2ecdc78-0249-4bf0-ecec-b03aafae20f2,LOGI-OPS-USER-92
594,594,0594,INV-2026-0594,Customer#000000594,f3dedcf5-a247-499c-d0bc-ef87db0ee6b2,TECH-FIN-USER-93
595,595,0595,INV-2026-0595,Customer#000000595,3c80fdac-c5e0-bf79-f5ce-8ad37acdc80e,ACME-FIN-USER-94
596,596,0596,INV-2026-0596,Customer#000000596,8ffead3c-ffdd-c6cb-40ea-dbb65381a8bc,TECH-MKT-USER-95
597,597,0597,INV-2026-0597,Customer#000000597,6f5eec5c-27cd-6a5f-acc9-f757ae2c19ab,ACME-FIN-USER-96
598,598,0598,INV-2026-0598,Customer#000000598,daa273ce-aba4-83b9-afa9-a37904ca7baa,LOGI-FIN-USER-97
599,599,0599,INV-2026-0599,Customer#000000599,af4a6504-9ccb-7a31-c7a8-bfd4b61950e8,ACME-FIN-USER-98
600,600,0600,INV-2026-0600,Customer#000000600,a1c47ff8-93d4-bfcd-8e05-eb8e3fbb570b,LOGI-FIN-USER-99
601,601,0601,INV-2026-0601,Customer#000000601,acaf7c95-04e7-9abd-a759-1f0cb3348ca4,ACME-MKT-USER-00
602,602,0602,INV-2026-0602,Customer#000000602,3e32acce-adf2-3b3d-86c8-c0329c4c3039,LOGI-MKT-USER-01
603,603,0603,INV-2026-0603,Customer#000000603,0fd48a19-01ad-04f8-4d07-00c49a56ccc9,LOGI-OPS-USER-02
604,604,0604,INV-2026-0604,Customer#000000604,b95cbf08-e537-abc2-da4a-3a3c3cc4e6ab,ACME-FIN-USER-03
605,605,0605,INV-2026-0605,Customer#000000605,cf9ec93e-74ad-d890-c9b9-a79d3ceecc31,ACME-FIN-USER-04
606,606,0606,INV-2026-0606,Customer#000000606,dbed505c-04d7-4403-70bd-b7f2d477fd48,LOGI-MKT-USER-05
607,607,0607,INV-2026-0607,Customer#000000607,b6bda5d6-5ed2-b0ca-f52f-553c97d6dd21,ACME-FIN-USER-06
608,608,0608,INV-2026-0608,Customer#000000608,f81ac610-4b52-49db-c39f-28f29ea3cd88,ACME-MKT-USER-07
609,609,0609,INV-2026-0609,Customer#000000609,0d2b50de-dd63-1327-5702-4a2e6e1cade5,LOGI-FIN-USER-08
610,610,0610,INV-2026-0610,Customer#000000610,8ac32bf5-b7eb-caf6-ba9d-c4453cc77d17,LOGI-MKT-USER-09
611,611,0611,INV-2026-0611,Customer#000000611,ef6d7bba-bcbf-79b2-b0b8-2c364bda1c33,ACME-OPS-USER-10
612,612,0612,INV-2026-0612,Customer#000000612,024aed3d-639c-530c-33e1-c300f93f090e,TECH-FIN-USER-11
613,613,0613,INV-2026-0613,Customer#000000613,f741ce05-1a14-84d2-6a1d-801fe3a088ea,ACME-OPS-USER-12
614,614,0614,INV-2026-0614,Customer#000000614,fd84be0c-5351-cece-4d49-0ed6293427d6,LOGI-FIN-USER-13
615,615,0615,INV-2026-0615,Customer#000000615,aae87eda-9fbd-3fcd-bac2-c01cdc3f03c9,TECH-OPS-USER-14
616,616,0616,INV-2026-0616,Customer#000000616,1a47bbb8-5cf3-da84-c3c0-f3ba5ef07b7d,TECH-MKT-USER-15
617,617,0617,INV-2026-0617,Customer#000000617,e3867c0b-c4b5-96cd-a6af-b6a88b9ecd59,TECH-FIN-USER-16
618,618,0618,INV-2026-0618,Customer#000000618,e85cbf1e-d18b-d019-e3c0-b7fec8659d0d,ACME-MKT-USER-17
619,619,0619,INV-2026-0619,Customer#000000619,559b48ee-08fd-2e44-9cee-bda9e94aeb1a,ACME-MKT-USER-18
620,620,0620,INV-2026-0620,Customer#000000620,96bffdba-8a6f-70e6-3cf1-ecaab8f08411,ACME-MKT-USER-19
621,621,0621,INV-2026-0621,Customer#000000621,eedaec3c-c1fb-eac9-7d4b-aae09cd3c34f,LOGI-MKT-USER-20
622,622,0622,INV-2026-0622,Customer#000000622,e5de57fe-f27c-f9fd-17b4-8fbf5cbbe513,LOGI-MKT-USER-21
623,623,0623,INV-2026-0623,Customer#000000623,c1f2ac0d-e542-dbda-e2e5-aeede20eb21d,ACME-OPS-USER-22
624,624,0624,INV-2026-0624,Customer#000000624,d0d4bbbd-f133-3ece-acc7-ee03bc7cea61,LOGI-FIN-USER-23
625,625,0625,INV-2026-0625,Customer#000000625,9d2ddc3a-8002-0dad-bf9e-d64b8ee7bca0,ACME-FIN-USER-24
626,626,0626,INV-2026-0626,Customer#000000626,a6ee6e88-01ef-a54e-c8bf-58a0e682af07,LOGI-OPS-USER-25
627,627,0627,INV-2026-0627,Customer#000000627,5afbbb60-58fc-dc2d-cf58-e834298bddb6,ACME-FIN-USER-26
628,628,0628,INV-2026-0628,Customer#000000628,86bfce3a-e4b4-fc28-8fec-847dcddccaba,ACME-FIN-USER-27
629,629,0629,INV-2026-0629,Customer#000000629,7cafcaad-8b02-53bd-5d57-dafd320016ee,TECH-OPS-USER-28
630,630,0630,INV-2026-0630,Customer#000000630,3da1baec-dac4-24ba-3db2-dbec83be2d7f,LOGI-FIN-USER-29
631,631,0631,INV-2026-0631,Customer#000000631,1475ca9d-bd5d-8ecf-bef0-f8bd1e5e982b,LOGI-OPS-USER-30
632,632,0632,INV-2026-0632,Customer#000000632,f3aeeac0-5ea2-3414-e680-aae1f741cef3,TECH-MKT-USER-31
633,633,0633,INV-2026-0633,Customer#000000633,acfcb4a4-abc6-c6db-a0ab-db61f0c91a1a,ACME-MKT-USER-32
634,634,0634,INV-2026-0634,Customer#000000634,cb7a5edd-1745-d1bb-7b1a-2d95b88d28ec,ACME-FIN-USER-33
635,635,0635,INV-2026-0635,Customer#000000635,6cdbf76b-ff5e-f31b-ec83-ea58ccf6faeb,ACME-FIN-USER-34
636,636,0636,INV-2026-0636,Customer#000000636,83f1d69d-df79-4eda-50dd-acabfcf03ffd,LOGI-FIN-USER-35
637,637,0637,INV-2026-0637,Customer#000000637,bffd642e-eb82-bcc7-b5e2-e0fbe304deae,TECH-MKT-USER-36
638,638,0638,INV-2026-0638,Customer#000000638,6afbcee3-e491-81d7-55da-88d37a8050a1,LOGI-OPS-USER-37
639,639,0639,INV-2026-0639,Customer#000000639,08bd0db1-e158-5c82-bee9-cdc04023b508,ACME-MKT-USER-38
640,640,0640,INV-2026-0640,Customer#000000640,534eacf8-cccf-0db0-caee-ee56de06cdfe,ACME-MKT-USER-39
641,641,0641,INV-2026-0641,Customer#000000641,1cd2c8db-6c67-f33b-82d1-f85b293b009e,TECH-OPS-USER-40
642,642,0642,INV-2026-0642,Customer#000000642,04b1b084-09ed-1a29-7912-515795ffa82b,LOGI-OPS-USER-41
643,643,0643,INV-2026-0643,Customer#000000643,c7acaaee-b9a6-fc98-25df-adc8f8aafffc,LOGI-FIN-USER-42
644,644,0644,INV-2026-0644,Customer#000000644,b50ec3d9-54bf-dab2-cc60-de7abedadd43,TECH-FIN-USER-43
645,645,0645,INV-2026-0645,Customer#000000645,df4b733f-02f0-94a3-63fa-1d3dbacc757d,ACME-OPS-USER-44
646,646,0646,INV-2026-0646,Customer#000000646,7cd1c40f-865e-4aff-329a-41dbff86ae94,TECH-FIN-USER-45
647,647,0647,INV-2026-0647,Customer#000000647,5b76db26-a0af-a2a0-e9b8-393c0ec00f4b,TECH-MKT-USER-46
648,648,0648,INV-2026-0648,Customer#000000648,cb8f591c-5de4-b4ca-eacf-cd1df9cd66dd,LOGI-FIN-USER-47
649,649,0649,INV-2026-0649,Customer#000000649,39d62af5-823c-fdb1-d2dc-7501f9fe3ebf,LOGI-OPS-USER-48
650,650,0650,INV-2026-0650,Customer#000000650,e6ce38ab-acbb-d29e-e1ef-681ff4fc86ac,LOGI-OPS-USER-49
651,651,0651,INV-2026-0651,Customer#000000651,8a7995b8-dbfc-c94b-1bc3-1809779be7eb,TECH-OPS-USER-50
652,652,0652,INV-2026-0652,Customer#000000652,7ad7f3a6-089b-bbc6-1185-23561bde0bc4,TECH-MKT-USER-51
653,653,0653,INV-2026-0653,Customer#000000653,f0bccda9-f81d-b5eb-93b7-1db0dda4e0ae,LOGI-OPS-USER-52
654,654,0654,INV-2026-0654,Customer#000000654,ddedd26f-c27d-b6ea-7aaa-ff07eecedcdc,ACME-MKT-USER-53
655,655,0655,INV-2026-0655,Customer#000000655,f0f53dcb-f7bf-3bdd-ac35-c9a6978ee1da,LOGI-MKT-USER-54
656,656,0656,INV-2026-0656,Customer#000000656,f4ba2dbb-8be2-95a3-d0ef-8d6ac6b2f408,LOGI-FIN-USER-55
657,657,0657,INV-2026-0657,Customer#000000657,eee8fbda-ab63-8776-dd09-32f4a9bcfd5e,LOGI-FIN-USER-56
658,658,0658,INV-2026-0658,Customer#000000658,0ba9cdfd-9ecb-fcf1-b964-bfdbd094b71a,ACME-MKT-USER-57
659,659,0659,INV-2026-0659,Customer#000000659,c8fad3c4-5b9b-cff8-3de3-ebdd71dc3cbb,TECH-MKT-USER-58
660,660,0660,INV-2026-0660,Customer#000000660,b2ab0c08-fcdd-1c4b-c3cd-4dbe96de5697,LOGI-MKT-USER-59
661,661,0661,INV-2026-0661,Customer#000000661,9ba4f7f0-a523-bd47-70c7-e022add46c56,LOGI-MKT-USER-60
662,662,0662,INV-2026-0662,Customer#000000662,4f66a1e2-34e7-18f2-d8eb-10ed991d5fbd,TECH-OPS-USER-61
663,663,0663,INV-2026-0663,Customer#000000663,b5fc6efc-9ceb-1427-4aed-7e8f3eee5bfb,ACME-MKT-USER-62
664,664,0664,INV-2026-0664,Customer#000000664,0c1ceeef-431c-a17a-bcb0-a468a532acbe,LOGI-OPS-USER-63
665,665,0665,INV-2026-0665,Customer#000000665,5ee21003-3b2c-1c6f-5ace-8df5cfb6a2bc,LOGI-OPS-USER-64
666,666,0666,INV-2026-0666,Customer#000000666,6e54eb9c-7e0f-cf4c-48ad-899136853e0b,ACME-FIN-USER-65
667,667,0667,INV-2026-0667,Customer#000000667,ef5c0d49-9497-a2dd-7d68-6035c1687d3b,ACME-FIN-USER-66
668,668,0668,INV-2026-0668,Customer#000000668,c5a81caa-edd7-aea9-c52d-0efec03b7afc,TECH-OPS-USER-67
669,669,0669,INV-2026-0669,Customer#000000669,e5ca3e50-a555-78a1-f6c3-25babc61d007,ACME-OPS-USER-68
670,670,0670,INV-2026-0670,Customer#000000670,a924fbb1-fbf1-4121-5a9d-e0b1a0ed7679,ACME-OPS-USER-69
671,671,0671,INV-2026-0671,Customer#000000671,ee0dce5b-1e3a-0041-f97e-ee07c3a2b080,TECH-FIN-USER-70
672,672,0672,INV-2026-0672,Customer#000000672,5ac0f8d4-a323-0f5f-2e18-e2ed11a56425,ACME-OPS-USER-71
673,673,0673,INV-2026-0673,Customer#000000673,38fb3a5c-9626-b6bd-905b-95aac799edd5,LOGI-MKT-USER-72
674,674,0674,INV-2026-0674,Customer#000000674,cd3a58b7-38f8-7c5a-83bd-bd965b85cf3d,TECH-OPS-USER-73
675,675,0675,INV-2026-0675,Customer#000000675,9654cfe2-dac7-56df-fad6-71ecf94de74e,TECH-MKT-USER-74
676,676,0676,INV-2026-0676,Customer#000000676,7a5c92a3-cc5d-dce9-74e1-8bef15a421fb,ACME-FIN-USER-75
677,677,0677,INV-2026-0677,Customer#000000677,6dbfd0d8-6422-6bd6-b876-3cc3c6a4bdaa,LOGI-MKT-USER-76
678,678,0678,INV-2026-0678,Customer#000000678,d64c5c1e-39ef-c19f-0fc4-42283bc2b5da,ACME-FIN-USER-77
679,679,0679,INV-2026-0679,Customer#000000679,45f4e9ab-f6b6-ccf1-119d-0fd28fcfe10c,LOGI-FIN-USER-78
680,680,0680,INV-2026-0680,Customer#000000680,d0bc992e-fa1d-062c-4ba7-cdf449fceaed,ACME-MKT-USER-79
681,681,0681,INV-2026-0681,Customer#000000681,81b2f1a4-2fc6-c02d-e0fb-b122bc63afad,TECH-OPS-USER-80
682,682,0682,INV-2026-0682,Customer#000000682,c88c41cf-0e6f-e8bf-3e26-1f1779ef41cb,TECH-FIN-USER-81
683,683,0683,INV-2026-0683,Customer#000000683,f3ead0d6-f1fc-ddbe-786c-e418cda97e88,LOGI-OPS-USER-82
684,684,0684,INV-2026-0684,Customer#000000684,dc4e138a-785d-ae1c-e6c0-cbf930f9bd0e,TECH-OPS-USER-83
685,685,0685,INV-2026-0685,Customer#000000685,b15faab0-84f2-de33-3330-6734fd602fc9,ACME-FIN-USER-84
686,686,0686,INV-2026-0686,Customer#000000686,8bfe70cb-4fee-3ede-0e6e-e7afda52bc06,LOGI-OPS-USER-85
687,687,0687,INV-2026-0687,Customer#000000687,ef76dd2a-a2e6-cb6d-201b-cd047fcf0fac,ACME-MKT-USER-86
688,688,0688,INV-2026-0688,Customer#000000688,34eff5e5-fd0b-cfeb-d6ab-6cacd9ef73db,ACME-OPS-USER-87
689,689,0689,INV-2026-0689,Customer#000000689,117a5a8d-1792-4e1c-c340-6a8dec66bae7,ACME-MKT-USER-88
690,690,0690,INV-2026-0690,Customer#000000690,64ad3600-1f6f-7e82-b66f-e8cc83395a43,TECH-MKT-USER-89
691,691,0691,INV-2026-0691,Customer#000000691,d7ec7bbb-46e3-94dd-13ae-dc01ae32fcd8,ACME-OPS-USER-90
692,692,0692,INV-2026-0692,Customer#000000692,cc8fcaf2-530b-e740-2c25-584d1110fe98,ACME-OPS-USER-91
693,693,0693,INV-2026-0693,Customer#000000693,8f6ab8f6-fcdd-46bf-f35f-eaeb176ac9b2,TECH-OPS-USER-92
694,694,0694,INV-2026-0694,Customer#000000694,4deeef99-913a-d92b-31f7-c81f1212ace0,LOGI-OPS-USER-93
695,695,0695,INV-2026-0695,Customer#000000695,d453f273-d8df-e84a-1cd4-0e5cb5acfdf1,ACME-OPS-USER-94
696,696,0696,INV-2026-0696,Customer#000000696,9ddc84fa-b5ac-ba71-fde3-2be087f849b4,TECH-FIN-USER-95
697,697,0697,INV-2026-0697,Customer#000000697,baf67fea-ce6a-df59-693b-cfc083092c7b,TECH-FIN-USER-96
698,698,0698,INV-2026-0698,Customer#000000698,3edaadf3-eafd-c4f5-3229-b8034daffcef,TECH-OPS-USER-97
699,699,0699,INV-2026-0699,Customer#000000699,ffad8d6e-a4eb-29ee-f359-a31cf6f88a04,LOGI-FIN-USER-98
700,700,0700,INV-2026-0700,Customer#000000700,ecbb9013-b3cc-dfbb-585f-b4a99c0b3fb8,LOGI-MKT-USER-99
701,701,0701,INV-2026-0701,Customer#000000701,ef8ce5ed-dd0f-e6f1-d3da-2c41ed0278ab,LOGI-MKT-USER-00
702,702,0702,INV-2026-0702,Customer#000000702,ff1d4bbe-a051-6518-d7fc-4d2b467b4d0e,LOGI-OPS-USER-01
703,703,0703,INV-2026-0703,Customer#000000703,89abc0fd-3ae2-dbcf-a228-e9bf2cac9cf4,ACME-FIN-USER-02
704,704,0704,INV-2026-0704,Customer#000000704,9a070fb8-5e17-7fb5-efcd-a3383abac17b,TECH-OPS-USER-03
705,705,0705,INV-2026-0705,Customer#000000705,cd4bb0b7-3c3a-9ce5-18a1-7d8625ba4ebc,TECH-FIN-USER-04
706,706,0706,INV-2026-0706,Customer#000000706,dcea4dce-baee-2db3-2aee-4b1911cf64ea,LOGI-FIN-USER-05
707,707,0707,INV-2026-0707,Customer#000000707,7ecf9aac-bdee-ca8f-9a8a-6df8c4b0d83c,TECH-FIN-USER-06
708,708,0708,INV-2026-0708,Customer#000000708,f8f4a4f2-115f-fa76-e9a7-bc1e0f08c30b,ACME-OPS-USER-07
709,709,0709,INV-2026-0709,Customer#000000709,7c45a7ac-c46b-4a14-68cc-8ffef86cb04e,TECH-MKT-USER-08
710,710,0710,INV-2026-0710,Customer#000000710,3e93b6b5-ddfa-20bf-ae08-16ab7cc743d8,LOGI-FIN-USER-09
711,711,0711,INV-2026-0711,Customer#000000711,adf45dce-8fc4-0d10-1cc1-920ecb0bf5f6,TECH-MKT-USER-10
712,712,0712,INV-2026-0712,Customer#000000712,dd3fd5ef-d91a-8beb-b33d-b7fa6af5a07f,ACME-FIN-USER-11
713,713,0713,INV-2026-0713,Customer#000000713,07c4b5c9-edd6-3cfa-395f-a70a8aadbad2,LOGI-MKT-USER-12
714,714,0714,INV-2026-0714,Customer#000000714,b4e9be71-edb3-e339-9bf0-f4e18b3ceeff,ACME-OPS-USER-13
715,715,0715,INV-2026-0715,Customer#000000715,6cbc27da-37da-6c4c-fb6e-ee6b2e8acce3,TECH-OPS-USER-14
716,716,0716,INV-2026-0716,Customer#000000716,72b12fb0-d70f-45f3-ecd7-a150342a3d1b,LOGI-FIN-USER-15
717,717,0717,INV-2026-0717,Customer#000000717,a3a0ed33-44dc-d030-ba4e-bbde95b95ea6,ACME-MKT-USER-16
718,718,0718,INV-2026-0718,Customer#000000718,bab2e68e-dded-5fba-4e58-5f6edfe9ebed,LOGI-FIN-USER-17
719,719,0719,INV-2026-0719,Customer#000000719,bcceeeed-cc4f-cb50-ea8a-ed63d8bcee6d,LOGI-OPS-USER-18
720,720,0720,INV-2026-0720,Customer#000000720,ffd00f6b-7fdb-83c1-43fd-41a5adcc5b7d,LOGI-FIN-USER-19
721,721,0721,INV-2026-0721,Customer#000000721,5e13c77e-fd67-ef24-41dd-affcadc71fd2,ACME-MKT-USER-20
722,722,0722,INV-2026-0722,Customer#000000722,70f37db3-9edb-7fba-bce7-71d90dd152ad,TECH-OPS-USER-21
723,723,0723,INV-2026-0723,Customer#000000723,c6fffe9a-b2a5-52cc-ec89-fd39d39bbbb9,ACME-FIN-USER-22
724,724,0724,INV-2026-0724,Customer#000000724,ce95d90c-ede9-a17f-fcbe-2ef9e23a65be,LOGI-FIN-USER-23
725,725,0725,INV-2026-0725,Customer#000000725,67eee18b-88c3-3f25-aa9a-d1f6065dbfe5,LOGI-OPS-USER-24
726,726,0726,INV-2026-0726,Customer#000000726,4bdfceca-e203-ceed-8b71-9cbc3daaac32,LOGI-FIN-USER-25
727,727,0727,INV-2026-0727,Customer#000000727,8db9e9ab-7cfa-96ca-c1c1-61b32eabcc04,TECH-MKT-USER-26
728,728,0728,INV-2026-0728,Customer#000000728,71db985b-5df4-8fe6-1f3b-b215c231a258,ACME-MKT-USER-27
729,729,0729,INV-2026-0729,Customer#000000729,632bc750-c4ad-ebfe-4c5c-e1ea580ad6aa,ACME-FIN-USER-28
730,730,0730,INV-2026-0730,Customer#000000730,025fbfea-958b-bec7-3ab1-2badb657d387,ACME-MKT-USER-29
731,731,0731,INV-2026-0731,Customer#000000731,4919abfe-bac5-72aa-8bbe-8aa4cbac1a4e,LOGI-OPS-USER-30
732,732,0732,INV-2026-0732,Customer#000000732,ef6bd39a-0e2b-926d-24b2-8b9d9ac88f8b,TECH-FIN-USER-31
733,733,0733,INV-2026-0733,Customer#000000733,4cb50bad-e84c-ac3e-bfe2-ea1741d1afc1,TECH-FIN-USER-32
734,734,0734,INV-2026-0734,Customer#000000734,23ab0b9c-f81c-79db-feca-6dd13d226cbf,TECH-MKT-USER-33
735,735,0735,INV-2026-0735,Customer#000000735,acb2ef9a-dfff-85f4-2df8-7baa2dd4eb1c,ACME-MKT-USER-34
736,736,0736,INV-2026-0736,Customer#000000736,cfed1bef-24ca-9a4f-38bf-92c1db50c6d1,TECH-MKT-USER-35
737,737,0737,INV-2026-0737,Customer#000000737,376b74fd-c5dc-a2a6-ad3e-bd2b1da7d1af,TECH-OPS-USER-36
738,738,0738,INV-2026-0738,Customer#000000738,ddd2f44b-2b5d-724a-5564-15dbdbabde9e,TECH-MKT-USER-37
739,739,0739,INV-2026-0739,Customer#000000739,b26acad3-2ab4-ea28-1d4d-490f2efff323,ACME-MKT-USER-38
740,740,0740,INV-2026-0740,Customer#000000740,c5fbbfb1-e5a9-60d2-b63a-cc3f0f5c8f69,LOGI-FIN-USER-39
741,741,0741,INV-2026-0741,Customer#000000741,2a917f0b-667d-d140-6d67-2d1e3cec1e77,TECH-FIN-USER-40
742,742,0742,INV-2026-0742,Customer#000000742,ad3d3af9-efdb-c5b2-5cdb-ad0d5b2ec68e,LOGI-MKT-USER-41
743,743,0743,INV-2026-0743,Customer#000000743,4946bde5-a2fb-9dab-b766-a3eec794c0c3,LOGI-MKT-USER-42
744,744,0744,INV-2026-0744,Customer#000000744,dbd85fad-0cbd-f64d-ca75-2c40dc6ce466,LOGI-MKT-USER-43
745,745,0745,INV-2026-0745,Customer#000000745,eeb99bca-82fc-0ccc-1591-0ab5efe28c9a,ACME-MKT-USER-44
746,746,0746,INV-2026-0746,Customer#000000746,7bbef8e5-df4f-f8df-c7df-6a078ccea62f,TECH-FIN-USER-45
747,747,0747,INV-2026-0747,Customer#000000747,b9afcdb2-fc7f-f57f-aaad-6f19ab65acde,ACME-OPS-USER-46
748,748,0748,INV-2026-0748,Customer#000000748,b4f1ac3c-87fd-4aeb-8dda-78ad891495e4,LOGI-OPS-USER-47
749,749,0749,INV-2026-0749,Customer#000000749,8b8a521f-48e1-fa1d-cd6d-ad39258bfbdc,LOGI-OPS-USER-48
750,750,0750,INV-2026-0750,Customer#000000750,b5ab8565-6b7c-c9a5-c0a5-89a0d0d97694,ACME-FIN-USER-49
751,751,0751,INV-2026-0751,Customer#000000751,6a4b1cbe-1cab-87b5-655f-be95eed29fde,LOGI-FIN-USER-50
752,752,0752,INV-2026-0752,Customer#000000752,c0acc115-6fec-1dab-d861-cf74fb69669e,LOGI-MKT-USER-51
753,753,0753,INV-2026-0753,Customer#000000753,a8a0fa9e-ccc3-daf8-7d8b-d6355ac49606,TECH-MKT-USER-52
754,754,0754,INV-2026-0754,Customer#000000754,5b335741-80a9-5cc5-ab3a-dc0752eaee4b,LOGI-FIN-USER-53
755,755,0755,INV-2026-0755,Customer#000000755,cfbafc9e-da21-48b4-3b4d-fab14dbbefad,TECH-MKT-USER-54
756,756,0756,INV-2026-0756,Customer#000000756,b1c6db13-ff7b-cf2a-a3be-24bf2daaff15,TECH-FIN-USER-55
757,757,0757,INV-2026-0757,Customer#000000757,5ff3e2d8-acfc-ca21-6a41-1f157e7ce701,TECH-OPS-USER-56
758,758,0758,INV-2026-0758,Customer#000000758,091fddd8-d6a7-8c9a-6f6b-a4d3ecd7161d,LOGI-FIN-USER-57
759,759,0759,INV-2026-0759,Customer#000000759,0feaf8d0-ddcf-e35b-2b9b-2fdae8e8dbf0,ACME-MKT-USER-58
760,760,0760,INV-2026-0760,Customer#000000760,5ce1075e-dee7-22d1-431e-accda54a2d17,LOGI-FIN-USER-59
761,761,0761,INV-2026-0761,Customer#000000761,7fdb0eee-8b0c-3e40-bcd5-f8ff0c51bab9,LOGI-OPS-USER-60
762,762,0762,INV-2026-0762,Customer#000000762,428d7b4c-be9d-7fed-c18f-92ec012f48ea,LOGI-OPS-USER-61
763,763,0763,INV-2026-0763,Customer#000000763,e9dad407-aacb-baac-ec6c-a5baf59ccdf8,ACME-MKT-USER-62
764,764,0764,INV-2026-0764,Customer#000000764,1ca2aab5-bbbb-ac7f-3d8e-eed3dfda2454,TECH-MKT-USER-63
765,765,0765,INV-2026-0765,Customer#000000765,b9aeca9a-0e6b-4fac-ca35-d1adffd3bd6f,TECH-FIN-USER-64
766,766,0766,INV-2026-0766,Customer#000000766,f1df8de9-72a2-da54-d77a-b9dd9d5fe1f7,LOGI-FIN-USER-65
767,767,0767,INV-2026-0767,Customer#000000767,12bc1ace-3e3b-ab4a-da91-da9ffbdf6b46,ACME-FIN-USER-66
768,768,0768,INV-2026-0768,Customer#000000768,c74a8d8f-ae75-d7cd-0da5-afd32da8fbd1,LOGI-MKT-USER-67
769,769,0769,INV-2026-0769,Customer#000000769,3bf8ae3b-a31d-77db-c450-a773e894d8e5,LOGI-OPS-USER-68
770,770,0770,INV-2026-0770,Customer#000000770,0cb0a7ed-fed1-a83e-626b-7e96bbe5b7c5,TECH-OPS-USER-69
771,771,0771,INV-2026-0771,Customer#000000771,7bc007f5-b4c4-abe2-cb33-0cac18e5d77a,ACME-FIN-USER-70
772,772,0772,INV-2026-0772,Customer#000000772,e2eeacad-5ece-fa3e-ab82-7eaa2bd84e3c,LOGI-OPS-USER-71
773,773,0773,INV-2026-0773,Customer#000000773,f70babca-dc7b-e83d-bdd2-434abe96a5bf,TECH-MKT-USER-72
774,774,0774,INV-2026-0774,Customer#000000774,f5feabc5-6cfc-fb4e-8a0a-4c217ee02aea,LOGI-OPS-USER-73
775,775,0775,INV-2026-0775,Customer#000000775,ca9de6e8-f2bc-beae-985f-ba5dbfd112b4,ACME-FIN-USER-74
776,776,0776,INV-2026-0776,Customer#000000776,5724051a-c3df-48e4-aac9-c1fb0fcd01af,TECH-MKT-USER-75
777,777,0777,INV-2026-0777,Customer#000000777,98b803c3-f9da-d5b1-ddb9-c1224b1d3db1,ACME-MKT-USER-76
778,778,0778,INV-2026-0778,Customer#000000778,aecfcbd8-a7fd-6ef3-f661-bbfeaf189b07,ACME-FIN-USER-77
779,779,0779,INV-2026-0779,Customer#000000779,cebf4cfb-bbdc-e5e3-e5b4-7fd29be00abe,TECH-OPS-USER-78
780,780,0780,INV-2026-0780,Customer#000000780,1cfea2bb-8a8a-ef19-fa0c-c816bb44c3ce,TECH-OPS-USER-79
781,781,0781,INV-2026-0781,Customer#000000781,da2d87da-d0b5-b0cf-a067-e2f91ca8c4f3,TECH-OPS-USER-80
782,782,0782,INV-2026-0782,Customer#000000782,ea3fe15d-ab73-b32c-e0fa-bb3cd4fbac4c,LOGI-FIN-USER-81
783,783,0783,INV-2026-0783,Customer#000000783,075bca75-caf2-da6d-a3b4-c8ecace7ad2e,ACME-OPS-USER-82
784,784,0784,INV-2026-0784,Customer#000000784,f47bdd62-ef02-8b5d-c758-5a9cad91847e,LOGI-MKT-USER-83
785,785,0785,INV-2026-0785,Customer#000000785,badccea5-53c9-cf7a-aff7-b66b06d9bcbf,TECH-FIN-USER-84
786,786,0786,INV-2026-0786,Customer#000000786,cc31dcd7-cdb9-22af-a696-a9abb38c67ee,ACME-MKT-USER-85
787,787,0787,INV-2026-0787,Customer#000000787,0bf8ca09-fa4d-ec1b-ebad-cdd980ecd88a,LOGI-FIN-USER-86
788,788,0788,INV-2026-0788,Customer#000000788,dbe1b195-72d3-e0bd-e634-e5b4c5608f0c,TECH-MKT-USER-87
789,789,0789,INV-2026-0789,Customer#000000789,f54e8727-b8bd-1b5f-1bc5-bc7bb72fdab0,ACME-OPS-USER-88
790,790,0790,INV-2026-0790,Customer#000000790,763b7f9f-f8ba-cece-98e0-fe351ad2fdcf,ACME-MKT-USER-89
791,791,0791,INV-2026-0791,Customer#000000791,bebabaeb-4b1b-bcb3-bae8-695abba010b6,LOGI-FIN-USER-90
792,792,0792,INV-2026-0792,Customer#000000792,30eae0fa-6e16-a3d1-d59d-7ab78e96c5f1,LOGI-OPS-USER-91
793,793,0793,INV-2026-0793,Customer#000000793,6be40fba-df4b-e9bd-7f32-a5e7fda2029d,TECH-MKT-USER-92
794,794,0794,INV-2026-0794,Customer#000000794,2d7c1c3f-75ff-905e-4a73-e7fd87294d96,ACME-FIN-USER-93
795,795,0795,INV-2026-0795,Customer#000000795,dacaf2b6-4ca5-9871-e516-cfba9aefa3a6,LOGI-OPS-USER-94
796,796,0796,INV-2026-0796,Customer#000000796,4dcdaadd-72da-c4be-03e1-b5b066c91016,LOGI-FIN-USER-95
797,797,0797,INV-2026-0797,Customer#000000797,9759638b-f38d-e4b5-d1fe-d127a2fa4461,TECH-OPS-USER-96
798,798,0798,INV-2026-0798,Customer#000000798,9f0015eb-47ba-963b-5baa-dfeaaef5db3a,ACME-MKT-USER-97
799,799,0799,INV-2026-0799,Customer#000000799,6a5704d0-0f16-91c6-3b5a-75ef6e2ddfaa,TECH-OPS-USER-98
800,800,0800,INV-2026-0800,Customer#000000800,b5cd65cc-6cae-dbf3-af74-cc240a65de1f,TECH-OPS-USER-99
801,801,0801,INV-2026-0801,Customer#000000801,236a5db4-c357-7115-220f-87babf5f13db,LOGI-OPS-USER-00
802,802,0802,INV-2026-0802,Customer#000000802,e81d3bc2-5b0a-bccc-add7-aa6fefdd2fc6,TECH-FIN-USER-01
803,803,0803,INV-2026-0803,Customer#000000803,d8b3bef9-0b29-c1eb-8e96-0bae661deb7e,LOGI-OPS-USER-02
804,804,0804,INV-2026-0804,Customer#000000804,a144f0e0-a00e-a921-43cb-cb46f82ec2fa,LOGI-MKT-USER-03
805,805,0805,INV-2026-0805,Customer#000000805,7bfee170-d78c-a830-a3ac-ff2ed9da76a4,LOGI-MKT-USER-04
806,806,0806,INV-2026-0806,Customer#000000806,bf4adebd-dc25-fd4a-1850-9bf91cad1697,LOGI-OPS-USER-05
807,807,0807,INV-2026-0807,Customer#000000807,c46e11d9-c3f2-bf9a-4afa-5e2ac2bc26a3,ACME-FIN-USER-06
808,808,0808,INV-2026-0808,Customer#000000808,51ef67ef-6fba-0cec-cad5-b2880ba54e0c,TECH-FIN-USER-07
809,809,0809,INV-2026-0809,Customer#000000809,6dd40ff2-fce6-5a3d-f7bb-379780204e08,TECH-OPS-USER-08
810,810,0810,INV-2026-0810,Customer#000000810,cf27ebac-2bda-bd79-9fbc-42b66d0cb97a,LOGI-OPS-USER-09
811,811,0811,INV-2026-0811,Customer#000000811,cbc6603f-f3bc-41d5-1841-c2bf88c252ae,TECH-FIN-USER-10
812,812,0812,INV-2026-0812,Customer#000000812,809b2bc2-2cb2-6efe-36ac-e41056412efc,ACME-OPS-USER-11
813,813,0813,INV-2026-0813,Customer#000000813,0fef562d-e69b-9c61-f82e-bb145ba862aa,LOGI-OPS-USER-12
814,814,0814,INV-2026-0814,Customer#000000814,dba54ce5-dceb-0e52-5af6-4df1c03a951e,ACME-OPS-USER-13
815,815,0815,INV-2026-0815,Customer#000000815,ae5f00b8-7827-8861-9e8d-d8dcb5510e82,ACME-OPS-USER-14
816,816,0816,INV-2026-0816,Customer#000000816,b01afce6-ddbb-e92e-12f9-10d3261f7c96,ACME-FIN-USER-15
817,817,0817,INV-2026-0817,Customer#000000817,ebeafe83-c2b0-4550-e1db-c887fffdea29,LOGI-OPS-USER-16
818,818,0818,INV-2026-0818,Customer#000000818,af3bf3eb-bcc8-7ec3-abce-51e5cbdad900,TECH-MKT-USER-17
819,819,0819,INV-2026-0819,Customer#000000819,ea57d2f8-78bc-4da8-8cbd-0eed7ac5f52f,ACME-MKT-USER-18
820,820,0820,INV-2026-0820,Customer#000000820,b8ec37dc-10e8-111f-cea1-711c455adb31,ACME-FIN-USER-19
821,821,0821,INV-2026-0821,Customer#000000821,1abe4ce8-c1ee-ecca-4e15-52eeadd9d769,LOGI-FIN-USER-20
822,822,0822,INV-2026-0822,Customer#000000822,21fcd041-f86a-1df4-0452-dd94ed1c9054,LOGI-MKT-USER-21
823,823,0823,INV-2026-0823,Customer#000000823,1c537bbd-d892-8da5-ccc3-44da5f6fba9f,LOGI-OPS-USER-22
824,824,0824,INV-2026-0824,Customer#000000824,bdd1b415-db7a-17fd-efae-f3aad3723f58,ACME-OPS-USER-23
825,825,0825,INV-2026-0825,Customer#000000825,39df8037-6b0d-7dca-affb-4cfc67ce3f51,ACME-OPS-USER-24
826,826,0826,INV-2026-0826,Customer#000000826,effa4b37-fa92-8ca3-4bb7-f0efc35e3afc,ACME-FIN-USER-25
827,827,0827,INV-2026-0827,Customer#000000827,0afb1e59-7eb3-0219-06b5-e9fafa481da7,ACME-MKT-USER-26
828,828,0828,INV-2026-0828,Customer#000000828,f071bdfa-f2d4-1409-273e-5f453c6f7429,LOGI-FIN-USER-27
829,829,0829,INV-2026-0829,Customer#000000829,ccd2982c-bdca-e040-8e10-28c0f6b707ea,TECH-FIN-USER-28
830,830,0830,INV-2026-0830,Customer#000000830,c9fbc620-bef8-cf2f-4737-353efe7c4a96,TECH-OPS-USER-29
831,831,0831,INV-2026-0831,Customer#000000831,afc6f37d-48a1-ebb7-fcaf-c3019b055fbb,LOGI-FIN-USER-30
832,832,0832,INV-2026-0832,Customer#000000832,fd2b1dcc-2dd8-ffae-8d0a-787adc249dc0,TECH-OPS-USER-31
833,833,0833,INV-2026-0833,Customer#000000833,af95af18-cfcf-ce0a-def3-b4fd80b59a2b,LOGI-MKT-USER-32
834,834,0834,INV-2026-0834,Customer#000000834,cf0fa822-5cde-ccda-defe-ec4babb7cbaf,LOGI-MKT-USER-33
835,835,0835,INV-2026-0835,Customer#000000835,bb2b55c8-5fd0-05cd-fcee-66aded62f9cc,LOGI-OPS-USER-34
836,836,0836,INV-2026-0836,Customer#000000836,2ee65acf-28ea-5ce4-d7df-c1bfc9b6b4e7,LOGI-MKT-USER-35
837,837,0837,INV-2026-0837,Customer#000000837,1a6cfeaf-4fe2-faf2-ee4e-e0b4c34f70d8,LOGI-MKT-USER-36
838,838,0838,INV-2026-0838,Customer#000000838,7e7aa4af-ef84-a6e7-2d3d-1325a6b70578,LOGI-OPS-USER-37
839,839,0839,INV-2026-0839,Customer#000000839,f0f09a19-6ebc-bb23-c5e2-daabc798d33f,LOGI-FIN-USER-38
840,840,0840,INV-2026-0840,Customer#000000840,ed869f50-58b7-728f-9aab-b6b539fcd5c0,LOGI-FIN-USER-39
841,841,0841,INV-2026-0841,Customer#000000841,fc88ec3f-dc4f-3c87-02b0-ee0ffe31c460,TECH-MKT-USER-40
842,842,0842,INV-2026-0842,Customer#000000842,a3241efa-bcdc-a3eb-d2c4-a3e01cdbe969,ACME-OPS-USER-41
843,843,0843,INV-2026-0843,Customer#000000843,6cabdbde-143e-ca01-f9c1-699b7a58c9f0,TECH-OPS-USER-42
844,844,0844,INV-2026-0844,Customer#000000844,9f5b774c-facb-00fd-9aad-f1dbde3681db,ACME-OPS-USER-43
845,845,0845,INV-2026-0845,Customer#000000845,f1e8207d-1b97-a8bb-1ce8-ffc81abddaf2,LOGI-OPS-USER-44
846,846,0846,INV-2026-0846,Customer#000000846,58f180c1-decb-0faf-bfad-80a2ea664fca,LOGI-OPS-USER-45
847,847,0847,INV-2026-0847,Customer#000000847,93e9e710-ce1a-baa0-383e-c3adfd00edd8,LOGI-MKT-USER-46
848,848,0848,INV-2026-0848,Customer#000000848,aeeec75d-7dfa-5a78-edae-3682b46ebc2d,ACME-FIN-USER-47
849,849,0849,INV-2026-0849,Customer#000000849,abd599aa-af9b-ada0-b7ab-ad176fb16db4,TECH-MKT-USER-48
850,850,0850,INV-2026-0850,Customer#000000850,860757cc-9485-39d2-2f1f-8f1b99bcf743,ACME-OPS-USER-49
851,851,0851,INV-2026-0851,Customer#000000851,c9b4c9fe-fc0a-d3c5-7fae-0c6ccbdabdf3,ACME-OPS-USER-50
852,852,0852,INV-2026-0852,Customer#000000852,afdb986c-efac-5ab3-5147-15bdd9dcdbea,LOGI-MKT-USER-51
853,853,0853,INV-2026-0853,Customer#000000853,aa675961-62df-fcf4-feff-9f7ffc5db036,LOGI-OPS-USER-52
854,854,0854,INV-2026-0854,Customer#000000854,ba5fe8e1-7c8f-f5df-b09d-bdf20f9e51cf,ACME-MKT-USER-53
855,855,0855,INV-2026-0855,Customer#000000855,fd19e6ad-9cb2-d4fa-ccaa-181f6dbb877c,ACME-MKT-USER-54
856,856,0856,INV-2026-0856,Customer#000000856,e3ce33ee-bb90-ecd8-eda3-b3fb6d7014eb,LOGI-MKT-USER-55
857,857,0857,INV-2026-0857,Customer#000000857,daba3ae4-9896-beab-2efb-43a8050facc9,ACME-MKT-USER-56
858,858,0858,INV-2026-0858,Customer#000000858,04bc5dba-fe85-d3e2-bcaf-054bfa12aae2,LOGI-OPS-USER-57
859,859,0859,INV-2026-0859,Customer#000000859,bbe0fb0f-3769-dbff-bdfe-62acc1b9b6da,LOGI-OPS-USER-58
860,860,0860,INV-2026-0860,Customer#000000860,cf7d6fbe-5ea5-43cf-3b7b-e90cd5decdcf,TECH-OPS-USER-59
861,861,0861,INV-2026-0861,Customer#000000861,09dd41e1-c5bf-5ead-8b59-d7db1b02c46b,TECH-OPS-USER-60
862,862,0862,INV-2026-0862,Customer#000000862,a2eabafe-89da-ee6f-77cf-07d5d2f12bdf,TECH-FIN-USER-61
863,863,0863,INV-2026-0863,Customer#000000863,cdef2cd3-eedb-ebb1-e21d-46daf714bea8,LOGI-OPS-USER-62
864,864,0864,INV-2026-0864,Customer#000000864,a0ac61c7-c3eb-a6f0-fcf9-6cbc1b1c0fe7,LOGI-OPS-USER-63
865,865,0865,INV-2026-0865,Customer#000000865,c10eae1b-ed78-1d1f-2baa-5bfa4df93ac1,TECH-FIN-USER-64
866,866,0866,INV-2026-0866,Customer#000000866,62a3bddf-bf06-cc3b-dcef-ce674c2ccb14,TECH-OPS-USER-65
867,867,0867,INV-2026-0867,Customer#000000867,fff2f59c-816e-dfe1-c4cc-ddba0b0543af,TECH-OPS-USER-66
868,868,0868,INV-2026-0868,Customer#000000868,d9f1da81-f9a3-fe31-8a20-4aea2fef1af9,ACME-FIN-USER-67
869,869,0869,INV-2026-0869,Customer#000000869,ac8a18a0-d6ec-f8dc-3a4a-02eb00ae6195,ACME-OPS-USER-68
870,870,0870,INV-2026-0870,Customer#000000870,40a7ba6f-fcde-57ac-a3c7-bffc766d4adf,ACME-FIN-USER-69
871,871,0871,INV-2026-0871,Customer#000000871,eb3a9bdc-a8cd-3505-5586-9bbae58a105a,TECH-FIN-USER-70
872,872,0872,INV-2026-0872,Customer#000000872,ca05b02a-5b83-2648-1982-80481d8ab7f5,TECH-OPS-USER-71
873,873,0873,INV-2026-0873,Customer#000000873,38f8aeef-fa15-06b5-f67c-eb0501d9f3bf,LOGI-OPS-USER-72
874,874,0874,INV-2026-0874,Customer#000000874,ba522cf9-d4b5-8b1c-cd0b-40fc8e7b19f5,ACME-FIN-USER-73
875,875,0875,INV-2026-0875,Customer#000000875,6b55dfb0-f3ac-fcd2-bd76-a9731afcf79a,ACME-MKT-USER-74
876,876,0876,INV-2026-0876,Customer#000000876,009eddf1-f46c-bf74-6294-536adfff110c,ACME-FIN-USER-75
877,877,0877,INV-2026-0877,Customer#000000877,fdd781a0-5fec-c1e6-ddcb-673fbbeaebfc,LOGI-OPS-USER-76
878,878,0878,INV-2026-0878,Customer#000000878,cce13d8e-eac7-cda1-bfa0-db6eeac291e5,TECH-MKT-USER-77
879,879,0879,INV-2026-0879,Customer#000000879,effc5aab-3ada-fbee-caf4-afa6efa0ac23,ACME-FIN-USER-78
880,880,0880,INV-2026-0880,Customer#000000880,721eacc3-3af1-98a3-9ecc-4cfa98cbfa00,LOGI-MKT-USER-79
881,881,0881,INV-2026-0881,Customer#000000881,acac015b-1da9-faae-40bb-fcdb653f9fbd,LOGI-FIN-USER-80
882,882,0882,INV-2026-0882,Customer#000000882,d7cbe576-2a76-bbb9-cac0-e06aa193df12,LOGI-OPS-USER-81
883,883,0883,INV-2026-0883,Customer#000000883,ed7e895d-f0fa-cb08-797e-58a27cadd0f7,ACME-OPS-USER-82
884,884,0884,INV-2026-0884,Customer#000000884,fad42945-3ef3-ebad-cba3-7c255aafd0f6,LOGI-FIN-USER-83
885,885,0885,INV-2026-0885,Customer#000000885,5d4954d4-2ddb-b8df-2edd-0a9dbe8eea9e,LOGI-FIN-USER-84
886,886,0886,INV-2026-0886,Customer#000000886,de88f6af-2afb-ae90-43c4-ff9bd5fbcdc4,TECH-MKT-USER-85
887,887,0887,INV-2026-0887,Customer#000000887,eaeece18-52ba-c977-1f07-89ee8e0e4692,TECH-MKT-USER-86
888,888,0888,INV-2026-0888,Customer#000000888,cb5c7dd0-b43a-327a-5e6c-f5dde64c7a99,LOGI-MKT-USER-87
889,889,0889,INV-2026-0889,Customer#000000889,811a03c0-3ba4-e4a3-aeaf-c3a6b54f98bc,ACME-MKT-USER-88
890,890,0890,INV-2026-0890,Customer#000000890,0c9ffa4c-36e9-add4-a77e-2fbbd0429eae,TECH-MKT-USER-89
891,891,0891,INV-2026-0891,Customer#000000891,e26abf9f-c5a4-f59c-1adf-2e079e14bda9,LOGI-MKT-USER-90
892,892,0892,INV-2026-0892,Customer#000000892,eb59550c-bdb8-a15b-cde6-be3e6d7bd32c,LOGI-OPS-USER-91
893,893,0893,INV-2026-0893,Customer#000000893,8cb1b076-d806-b489-aace-d9427f5ceffc,TECH-MKT-USER-92
894,894,0894,INV-2026-0894,Customer#000000894,be1ce0c2-b442-bfe0-bb60-c37c4b2d0467,TECH-FIN-USER-93
895,895,0895,INV-2026-0895,Customer#000000895,f281ae16-cc48-b8d7-cead-ccb19e1006ed,ACME-MKT-USER-94
896,896,0896,INV-2026-0896,Customer#000000896,3cfcfbe8-ae29-3d43-a67f-0dcb01f4d1ea,LOGI-MKT-USER-95
897,897,0897,INV-2026-0897,Customer#000000897,739b82fd-fdba-feef-dce9-a22c1ebde2ee,ACME-MKT-USER-96
898,898,0898,INV-2026-0898,Customer#000000898,dd417caa-ce1b-4bb7-9ebd-c20c82ac1603,ACME-FIN-USER-97
899,899,0899,INV-2026-0899,Customer#000000899,acb02bbe-da5a-bcdf-fa20-bc6c5c7c0ec7,LOGI-FIN-USER-98
900,900,0900,INV-2026-0900,Customer#000000900,92e58d4d-ccc0-5d66-ee67-ef9964ab9add,TECH-FIN-USER-99
901,901,0901,INV-2026-0901,Customer#000000901,08c63f8a-6fd7-d2bf-2bf1-a8ab9a6b5edd,LOGI-MKT-USER-00
902,902,0902,INV-2026-0902,Customer#000000902,9e283aaf-018e-e4f3-3343-c80babddd92f,ACME-OPS-USER-01
903,903,0903,INV-2026-0903,Customer#000000903,a07a541f-b897-fd63-3ff0-13d55afb6fb6,ACME-MKT-USER-02
904,904,0904,INV-2026-0904,Customer#000000904,ea4fb4ca-cdbf-6a22-e32a-eddbbefbc36f,TECH-OPS-USER-03
905,905,0905,INV-2026-0905,Customer#000000905,bdbbe7af-bdd9-a6bb-4aad-664e42dfeac7,ACME-OPS-USER-04
906,906,0906,INV-2026-0906,Customer#000000906,75a4f3f9-a880-2ca7-fb1e-1a4fcf8748a2,ACME-FIN-USER-05
907,907,0907,INV-2026-0907,Customer#000000907,e0cfe5f4-d2b1-e7cd-86f6-e4ddabf7456c,TECH-FIN-USER-06
908,908,0908,INV-2026-0908,Customer#000000908,dca2aab6-6daa-b7c9-1bbc-a8efb28ca5af,ACME-MKT-USER-07
909,909,0909,INV-2026-0909,Customer#000000909,2dc0e434-d7ce-9642-6ead-48aafa0089fa,TECH-FIN-USER-08
910,910,0910,INV-2026-0910,Customer#000000910,0f8f3fc2-fbe2-cecb-dbab-a25bd406bef9,ACME-MKT-USER-09
911,911,0911,INV-2026-0911,Customer#000000911,ad8f0675-35e4-7b6d-c2b6-c92f3085c1a0,LOGI-MKT-USER-10
912,912,0912,INV-2026-0912,Customer#000000912,f48db197-77fc-d8e3-daae-4c4f7aaaba84,LOGI-OPS-USER-11
913,913,0913,INV-2026-0913,Customer#000000913,1c6af17b-f0cb-69a2-4dea-87021d7b06a9,TECH-OPS-USER-12
914,914,0914,INV-2026-0914,Customer#000000914,da5c00fe-2ebd-5ad6-dbdf-7d4e09e8e830,LOGI-OPS-USER-13
915,915,0915,INV-2026-0915,Customer#000000915,2baa9438-bc93-57f2-ce7f-d3da2e6dcaad,ACME-MKT-USER-14
916,916,0916,INV-2026-0916,Customer#000000916,c9bcb8cb-eca0-a7d4-78fc-bc64f4c6d183,TECH-OPS-USER-15
917,917,0917,INV-2026-0917,Customer#000000917,eda78d57-9a85-c591-7da6-9570e5b5ad0f,LOGI-MKT-USER-16
918,918,0918,INV-2026-0918,Customer#000000918,b8de5d5b-7ceb-a054-a884-f288fbf6baa1,TECH-FIN-USER-17
919,919,0919,INV-2026-0919,Customer#000000919,7f83f502-bd8b-d9c4-deae-5fbdda5ced4b,LOGI-OPS-USER-18
920,920,0920,INV-2026-0920,Customer#000000920,5731fcb1-d0d9-abfd-26bd-acabfc015d9e,TECH-MKT-USER-19
921,921,0921,INV-2026-0921,Customer#000000921,eb47eeea-f94a-fca9-aaee-beed5fecc2a5,LOGI-MKT-USER-20
922,922,0922,INV-2026-0922,Customer#000000922,cff2a4ea-e97f-b0ca-dac7-dc5afbae6b5f,ACME-FIN-USER-21
923,923,0923,INV-2026-0923,Customer#000000923,5c74e76e-ddda-bd4d-cc5e-8f5e9a7dcefd,LOGI-MKT-USER-22
924,924,0924,INV-2026-0924,Customer#000000924,edfc0ff0-d80f-79d1-a3ce-dddd84fc35c8,TECH-FIN-USER-23
925,925,0925,INV-2026-0925,Customer#000000925,f0ddb6b1-3ae0-3fd4-ce06-4ebfaf8bb1b2,LOGI-FIN-USER-24
926,926,0926,INV-2026-0926,Customer#000000926,ce1f669e-7aa9-4be3-c7e5-c8133ead9627,ACME-MKT-USER-25
927,927,0927,INV-2026-0927,Customer#000000927,7d8a9bbf-7701-bcac-dc5b-8e7cab6adcab,ACME-MKT-USER-26
928,928,0928,INV-2026-0928,Customer#000000928,586579cd-7bdb-e87b-cbfe-9b6a9aa8d8d2,ACME-MKT-USER-27
929,929,0929,INV-2026-0929,Customer#000000929,9cab5dd0-1678-fc6f-9dec-294cbea384de,TECH-OPS-USER-28
930,930,0930,INV-2026-0930,Customer#000000930,9db823b3-3a7b-ebef-42de-17f7567fd794,ACME-OPS-USER-29
931,931,0931,INV-2026-0931,Customer#000000931,ffe4beaf-a91c-da6b-c09f-611eeca2fa58,TECH-FIN-USER-30
932,932,0932,INV-2026-0932,Customer#000000932,bdfde9bf-dfce-018b-cd28-4081d4e54c5c,ACME-FIN-USER-31
933,933,0933,INV-2026-0933,Customer#000000933,edbdbef1-b46e-92ab-95dd-bab6f44a9a3b,TECH-OPS-USER-32
934,934,0934,INV-2026-0934,Customer#000000934,c5e4f3ac-89b7-2fac-6d38-91e5b4bd727b,TECH-OPS-USER-33
935,935,0935,INV-2026-0935,Customer#000000935,e46edbc0-cc8a-c8eb-1deb-ccb5add38a41,TECH-FIN-USER-34
936,936,0936,INV-2026-0936,Customer#000000936,5fb18f49-efff-a5eb-78bd-e98cefca8e17,ACME-MKT-USER-35
937,937,0937,INV-2026-0937,Customer#000000937,28ae55d4-94a8-2f7d-b313-fb9a2817d2f7,LOGI-FIN-USER-36
938,938,0938,INV-2026-0938,Customer#000000938,b8d56c7b-dfec-fbed-9f4a-dfb2428eabfa,TECH-FIN-USER-37
939,939,0939,INV-2026-0939,Customer#000000939,03db7dec-6c8d-0caf-7d22-66fc0e0aaa84,TECH-FIN-USER-38
940,940,0940,INV-2026-0940,Customer#000000940,0adf2ca7-ec2f-5c05-d951-998048df70a5,TECH-OPS-USER-39
941,941,0941,INV-2026-0941,Customer#000000941,79ede8da-3f20-fdce-ec0c-7faf1bc9f435,ACME-MKT-USER-40
942,942,0942,INV-2026-0942,Customer#000000942,bae0d56c-71d7-bdc4-cf43-3f9b7e720f6c,LOGI-FIN-USER-41
943,943,0943,INV-2026-0943,Customer#000000943,76bb2d48-85f4-56f8-6ad0-cd2a599e3b0f,TECH-OPS-USER-42
944,944,0944,INV-2026-0944,Customer#000000944,1c7fdceb-cedc-a9cb-8289-0daafb5a1177,LOGI-FIN-USER-43
945,945,0945,INV-2026-0945,Customer#000000945,bdc5ea4d-6abf-568f-b6f7-3ace80ae88c8,ACME-OPS-USER-44
946,946,0946,INV-2026-0946,Customer#000000946,be9ef9cc-9afc-ebc1-cbda-0de4cc16cb1a,ACME-FIN-USER-45
947,947,0947,INV-2026-0947,Customer#000000947,fa830ebe-baaa-16c2-82f2-7ebd89f9df7f,LOGI-MKT-USER-46
948,948,0948,INV-2026-0948,Customer#000000948,2d30dd24-8cac-aa6b-e30a-2a5bbe4bcaaa,LOGI-OPS-USER-47
949,949,0949,INV-2026-0949,Customer#000000949,e695cdde-7c45-8ca2-7bcd-185e28accfc4,ACME-MKT-USER-48
950,950,0950,INV-2026-0950,Customer#000000950,0d5cc0eb-bab8-5c3f-1d6c-aa243ce4a25f,ACME-FIN-USER-49
951,951,0951,INV-2026-0951,Customer#000000951,c1eb7ebc-6fc8-ae6f-faac-16126677bf17,TECH-FIN-USER-50
952,952,0952,INV-2026-0952,Customer#000000952,c3f3dba4-dc97-9d54-2bdb-fbb78a5ee5b1,LOGI-FIN-USER-51
953,953,0953,INV-2026-0953,Customer#000000953,03aaad7c-3e0c-bbdd-dee4-3cd59e46bd27,TECH-FIN-USER-52
954,954,0954,INV-2026-0954,Customer#000000954,c6812f9c-d34c-7793-efc7-58f3ec0c19e5,TECH-OPS-USER-53
955,955,0955,INV-2026-0955,Customer#000000955,eebec5ff-11be-bf1c-b242-5a13e3da880d,TECH-OPS-USER-54
956,956,0956,INV-2026-0956,Customer#000000956,e1ad54e9-7b37-eb1d-fdc9-defccf3bd3bc,LOGI-MKT-USER-55
957,957,0957,INV-2026-0957,Customer#000000957,26ce5220-1bff-8c42-c93d-cc09d3db66db,LOGI-OPS-USER-56
958,958,0958,INV-2026-0958,Customer#000000958,8dbf34b2-eaee-ee66-e2d6-bfc024bd47cb,ACME-FIN-USER-57
959,959,0959,INV-2026-0959,Customer#000000959,6beff3fa-538c-df3f-6efd-3b909862e4fe,LOGI-MKT-USER-58
960,960,0960,INV-2026-0960,Customer#000000960,aafdfe6f-fdac-197b-c154-0bc0ebdcf3bb,ACME-OPS-USER-59
961,961,0961,INV-2026-0961,Customer#000000961,6961aebe-daca-ef5c-f4eb-3ecdefdbaeba,LOGI-FIN-USER-60
962,962,0962,INV-2026-0962,Customer#000000962,6e5dae1d-85cf-edee-76a1-0acea8fcb66c,LOGI-OPS-USER-61
963,963,0963,INV-2026-0963,Customer#000000963,4789f21c-07c1-b567-a387-2bcfad729e7e,LOGI-FIN-USER-62
964,964,0964,INV-2026-0964,Customer#000000964,09625ce5-aa0c-a5aa-e352-dabbdff4fe4c,ACME-FIN-USER-63
965,965,0965,INV-2026-0965,Customer#000000965,b9ddbec5-e69f-ade2-d96c-5cd41de5fdfb,ACME-FIN-USER-64
966,966,0966,INV-2026-0966,Customer#000000966,19abc5c0-bbb0-f6ef-ee2b-6f011bf1da9b,ACME-FIN-USER-65
967,967,0967,INV-2026-0967,Customer#000000967,a6dae0ef-6ee5-f620-7db6-81d2277ac2fa,ACME-MKT-USER-66
968,968,0968,INV-2026-0968,Customer#000000968,eed7afae-ab1b-adcc-acc9-9aed4ae24bbc,LOGI-OPS-USER-67
969,969,0969,INV-2026-0969,Customer#000000969,eb0b4625-7beb-1aaf-6bd0-fc86e5d2dbbd,LOGI-FIN-USER-68
970,970,0970,INV-2026-0970,Customer#000000970,ab7ef0dc-dac9-e609-bcd0-faf17ae4f7f7,TECH-FIN-USER-69
971,971,0971,INV-2026-0971,Customer#000000971,e5ec9ebd-9afd-bbe3-fafb-a00be06adaff,ACME-OPS-USER-70
972,972,0972,INV-2026-0972,Customer#000000972,8f8afd6e-0f69-ab56-f26c-f15ca202ab53,TECH-FIN-USER-71
973,973,0973,INV-2026-0973,Customer#000000973,fe4aa2ce-acda-ddb1-4b5f-b2addbc38c60,LOGI-FIN-USER-72
974,974,0974,INV-2026-0974,Customer#000000974,2e429f55-befb-2b38-1b15-5a5a3dba0bff,ACME-OPS-USER-73
975,975,0975,INV-2026-0975,Customer#000000975,32e32c5e-2cde-002a-e4b7-21e5e9eeea84,TECH-MKT-USER-74
976,976,0976,INV-2026-0976,Customer#000000976,2b2c2fed-f6a9-fbc7-4af6-f82e8b5dbef4,ACME-FIN-USER-75
977,977,0977,INV-2026-0977,Customer#000000977,4cdcbfea-dd3b-7ea1-ae1f-dcb7bce76faa,TECH-OPS-USER-76
978,978,0978,INV-2026-0978,Customer#000000978,c5c09b10-cde8-c2aa-bbad-bbcdde8c30c0,ACME-OPS-USER-77
979,979,0979,INV-2026-0979,Customer#000000979,5fad0a1c-df4c-aa93-e7eb-f628121cafb6,LOGI-MKT-USER-78
980,980,0980,INV-2026-0980,Customer#000000980,de553c7f-51cd-595e-6fdf-7ab2942f6ae3,LOGI-FIN-USER-79
981,981,0981,INV-2026-0981,Customer#000000981,b23fd3d4-cea2-8bfa-60a8-e238bff7efbb,LOGI-FIN-USER-80
982,982,0982,INV-2026-0982,Customer#000000982,0b6ec3eb-f2bd-ab4d-75e5-ed4bfb49a4c7,ACME-FIN-USER-81
983,983,0983,INV-2026-0983,Customer#000000983,30935dde-f8de-8bc4-a775-f70c4c4ec7a4,ACME-OPS-USER-82
984,984,0984,INV-2026-0984,Customer#000000984,9c5fdfd6-167d-af9e-8ed0-3b0da3cd13ab,TECH-OPS-USER-83
985,985,0985,INV-2026-0985,Customer#000000985,3de79051-7dbd-fe27-b030-eb190dea0fa2,ACME-FIN-USER-84
986,986,0986,INV-2026-0986,Customer#000000986,1bca7fa7-be07-a60d-d359-689bf2e6f0be,LOGI-MKT-USER-85
987,987,0987,INV-2026-0987,Customer#000000987,5eeffd3a-8eed-4c69-dea8-50ceefcadfc7,TECH-OPS-USER-86
988,988,0988,INV-2026-0988,Customer#000000988,51a1eea3-9ebd-e9d6-91f6-4c95edfe55ec,TECH-OPS-USER-87
989,989,0989,INV-2026-0989,Customer#000000989,00d47bc8-b39f-cacb-e4ff-a47a38a41c0c,TECH-OPS-USER-88
990,990,0990,INV-2026-0990,Customer#000000990,ec7c8367-80cb-cd7a-b8df-44e1e5e74c7a,LOGI-OPS-USER-89
991,991,0991,INV-2026-0991,Customer#000000991,def9f9fa-b905-8cb5-9fba-1da6e4c1acd5,LOGI-OPS-USER-90
992,992,0992,INV-2026-0992,Customer#000000992,9dddfbca-58b9-b6ba-13bd-d5fdb345c134,ACME-MKT-USER-91
993,993,0993,INV-2026-0993,Customer#000000993,dcbce2c0-ac4f-e0fe-5b9e-a7c5aaf869c5,ACME-FIN-USER-92
994,994,0994,INV-2026-0994,Customer#000000994,8c698ece-a88a-985f-170e-ec39774a1cba,ACME-MKT-USER-93
995,995,0995,INV-2026-0995,Customer#000000995,ca37a301-f70d-3cae-e9f0-8a6c9c5b154b,ACME-MKT-USER-94
996,996,0996,INV-2026-0996,Customer#000000996,c5cd22d5-07b7-b726-3876-9a5ae419ccea,ACME-MKT-USER-95
997,997,0997,INV-2026-0997,Customer#000000997,5789df5f-bbb7-dbe1-ee7f-dfdafbe959dd,TECH-MKT-USER-96
998,998,0998,INV-2026-0998,Customer#000000998,ed8de69c-cac4-afdf-1d2f-ba1aef6fe20b,LOGI-OPS-USER-97
999,999,0999,INV-2026-0999,Customer#000000999,3e2c8106-7b36-f5f3-278d-54e034225be0,ACME-MKT-USER-98
1000,1000,1000,INV-2026-1000,Customer#000001000,a6cac163-366a-7a8a-a4de-bcedda356b1d,ACME-OPS-USER-99
