cpf,nome,municipio_id,uf_sigla,data_cadastro,email
381.083.807-15,Conceição Martins,2112506,MA,2023-01-06,
351.235.506-40,Jéssica Araújo Costa,3518602,SP,2023-07-25,jessica.araujo.costa@hotmail.com
725.044.805-63,Luiz Araújo,2400604,RN,2022-10-17,luiz.araujo@yahoo.com.br
449.223.045-92,Aline Carvalho Ferreira,4102901,PR,2014-10-17,aline.carvalho.ferreira@bol.com.br
919.249.521-49,Francisco Silva,2602308,PE,2014-08-25,francisco.silva@uol.com.br
691.180.645-31,Marcelo Araújo Soares,3501202,SP,2024-05-28,
035.116.234-80,Marcos Cardoso,2607703,PE,2024-01-26,marcos.cardoso@gmail.com
012.512.907-60,Patrícia Alves,4101309,PR,2018-11-03,patricia.alves@gmail.com
197.108.545-69,Felipe Araújo Gomes,2109551,MA,2020-11-26,felipe.araujo.gomes@outlook.com
385.750.939-24,Daniel Souza,3200300,ES,2020-01-31,daniel.souza@gmail.com
375.894.600-01,Antônio Pereira Moraes,4309753,RS,2015-04-05,antonio.pereira.moraes@yahoo.com.br
053.505.254-50,Bruna Gomes Alves,3142502,MG,2022-02-08,bruna.gomes.alves@bol.com.br
374.358.272-40,Juliana Teixeira Teixeira,2903508,BA,2021-07-21,juliana.teixeira.teixeira@hotmail.com
526.602.870-07,Amanda Cardoso,2614204,PE,2014-03-26,amanda.cardoso@bol.com.br
024.006.863-78,Pedro Lopes,4322152,RS,2010-10-17,pedro.lopes@outlook.com
231.706.368-71,Paulo Moraes Cardoso,3164506,MG,2017-04-02,paulo.moraes.cardoso@uol.com.br
259.030.734-92,Gabriel Teixeira Lima,5221452,GO,2013-09-25,gabriel.teixeira.lima@gmail.com
818.464.979-73,Aline Rodrigues,4109609,PR,2025-04-05,aline.rodrigues@hotmail.com
086.123.263-11,Antônio Ribeiro,5210208,GO,2013-10-26,antonio.ribeiro@gmail.com
229.261.014-06,Lucas Mendes,1706506,TO,2020-11-05,lucas.mendes@gmail.com
831.612.767-95,José Pereira,4123006,PR,2025-02-25,jose.pereira@gmail.com
877.109.562-46,Carlos Dias Moraes,3556404,SP,2019-12-12,carlos.dias.moraes@yahoo.com.br
445.292.041-11,Ana Costa,1400308,RR,2023-01-12,ana.costa@outlook.com
608.124.677-95,Antônio Ferreira,2906204,BA,2020-06-05,
914.182.226-90,Maria Lopes Fernandes,2104677,MA,2025-11-22,maria.lopes.fernandes@uol.com.br
086.543.044-64,João Pereira Lima,3103900,MG,2023-03-16,joao.pereira.lima@gmail.com
871.504.991-47,Ana Rocha Fernandes,2410207,RN,2014-11-04,ana.rocha.fernandes@outlook.com
181.449.824-95,Rafael Gomes Martins,3513801,SP,2019-07-28,rafael.gomes.martins@bol.com.br
158.901.081-74,Conceição Cardoso,3135803,MG,2024-12-10,conceicao.cardoso@gmail.com
916.905.796-68,Amanda Rocha,4208500,SC,2025-09-04,amanda.rocha@uol.com.br
240.287.804-54,Rafael Ferreira,4100400,PR,2017-05-04,rafael.ferreira@outlook.com
296.322.219-07,Maria Rodrigues,2404705,RN,2022-05-04,maria.rodrigues@yahoo.com.br
939.481.779-45,Daniel Lopes,2805208,SE,2022-10-21,daniel.lopes@gmail.com
812.654.937-82,Lucas Nunes Rocha,2907400,BA,2021-02-19,lucas.nunes.rocha@hotmail.com
172.535.522-10,Bruno Oliveira Barbosa,2403806,RN,2023-10-14,bruno.oliveira.barbosa@gmail.com
727.837.683-13,Juliana Cardoso Silva,5222302,GO,2014-09-01,juliana.cardoso.silva@hotmail.com
234.040.753-23,Maria Martins,2915601,BA,2020-10-06,maria.martins@yahoo.com.br
906.729.504-30,Amanda Araújo,4300554,RS,2023-11-18,amanda.araujo@gmail.com
465.374.438-65,Aline Ferreira,4306056,RS,2022-05-06,aline.ferreira@bol.com.br
105.337.336-85,Amanda Nunes,3137304,MG,2013-10-24,amanda.nunes@yahoo.com.br
752.677.000-37,Amanda Dias,1302009,AM,2024-03-07,amanda.dias@uol.com.br
995.380.985-28,Rodrigo Pereira,2304657,CE,2025-03-16,
049.450.464-17,Camila Fernandes Araújo,2306207,CE,2021-12-31,camila.fernandes.araujo@gmail.com
356.386.464-00,Francisco Pereira Pereira,1300805,AM,2023-03-25,francisco.pereira.pereira@gmail.com
452.389.832-47,Letícia Alves Ribeiro,3501905,SP,2025-03-10,leticia.alves.ribeiro@gmail.com
943.191.391-78,Fernanda Costa,3146602,MG,2022-07-03,fernanda.costa@bol.com.br
645.051.808-16,Paulo Rodrigues,4321493,RS,2019-01-20,
361.683.946-72,Jéssica Rodrigues Moraes,3512308,SP,2021-11-27,jessica.rodrigues.moraes@outlook.com
937.463.239-08,Pedro Fernandes Almeida,3523404,SP,2021-10-23,pedro.fernandes.almeida@uol.com.br
393.238.922-03,Antônio Teixeira,2415008,RN,2024-09-29,antonio.teixeira@bol.com.br
822.941.668-09,Juliana Rodrigues Alves,4218103,SC,2015-02-22,juliana.rodrigues.alves@hotmail.com
138.346.724-24,Rodrigo Souza,2605707,PE,2023-09-23,rodrigo.souza@gmail.com
874.169.920-36,Maria Pereira,3509205,SP,2020-03-28,maria.pereira@bol.com.br
158.713.095-50,Felipe Lopes,4311106,RS,2020-05-07,felipe.lopes@hotmail.com
389.717.708-05,Juliana Nunes,1100346,RO,2014-01-29,juliana.nunes@outlook.com
454.078.750-04,Luiz Dias,4217402,SC,2013-07-13,luiz.dias@bol.com.br
024.035.747-75,Aline Araújo Oliveira,4127502,PR,2017-04-26,aline.araujo.oliveira@uol.com.br
866.564.778-36,Daniel Ribeiro Pereira,2707800,AL,2022-08-15,daniel.ribeiro.pereira@gmail.com
250.220.691-05,Antônio Fernandes,4217006,SC,2015-02-16,antonio.fernandes@uol.com.br
691.123.418-27,Luiz Gomes,2616407,PE,2024-07-01,luiz.gomes@hotmail.com
228.311.052-18,Luiz Costa,2901957,BA,2020-08-15,luiz.costa@gmail.com
657.157.219-20,Juliana Mendes,2207553,PI,2016-12-24,juliana.mendes@bol.com.br
149.004.136-23,João Barbosa,4219705,SC,2022-11-07,joao.barbosa@gmail.com
801.535.458-79,Lucas Ferreira,2509909,PB,2022-08-28,lucas.ferreira@hotmail.com
389.579.056-77,Eduardo Silva Ferreira,2102606,MA,2021-10-10,
404.729.050-58,Gabriel Mendes Araújo,4118709,PR,2021-10-07,gabriel.mendes.araujo@gmail.com
114.216.346-60,Francisco Soares,4107546,PR,2023-03-04,francisco.soares@gmail.com
731.207.010-84,Camila Fernandes,4318499,RS,2021-07-27,camila.fernandes@outlook.com
787.469.525-94,Ana Oliveira,4309654,RS,2024-10-03,ana.oliveira@yahoo.com.br
217.627.359-11,Conceição Oliveira Rodrigues,2925808,BA,2013-11-10,conceicao.oliveira.rodrigues@outlook.com
136.005.167-87,Amanda Alves,2203800,PI,2022-05-30,amanda.alves@yahoo.com.br
017.921.964-23,Francisco Costa Ribeiro,3115359,MG,2018-11-03,francisco.costa.ribeiro@outlook.com
928.451.905-57,Lucas Martins,4124608,PR,2020-09-13,lucas.martins@gmail.com
774.155.169-82,Gabriel Pereira,3518008,SP,2022-10-02,gabriel.pereira@gmail.com
653.475.132-17,Conceição Cardoso,2919009,BA,2012-03-11,conceicao.cardoso@hotmail.com
702.331.139-40,Aline Souza,4305439,RS,2013-09-01,aline.souza@outlook.com
778.431.979-74,Eduardo Carvalho Silva,2103208,MA,2025-01-05,eduardo.carvalho.silva@yahoo.com.br
197.202.807-35,Camila Oliveira Lima,3170107,MG,2020-04-19,camila.oliveira.lima@hotmail.com
606.247.891-01,Camila Pereira Rocha,5108907,MT,2016-07-17,camila.pereira.rocha@bol.com.br
402.157.641-02,Juliana Soares,2614857,PE,2021-11-28,juliana.soares@gmail.com
557.978.351-50,José Teixeira,1100130,RO,2018-07-04,jose.teixeira@gmail.com
683.354.230-91,João Nunes Ribeiro,1716307,TO,2017-02-26,joao.nunes.ribeiro@gmail.com
733.684.649-14,Bruna Soares,5211008,GO,2023-08-25,
342.384.858-82,Letícia Lopes Silva,5204250,GO,2023-10-17,leticia.lopes.silva@outlook.com
572.280.815-60,Conceição Pereira Fernandes,2910727,BA,2022-10-09,conceicao.pereira.fernandes@yahoo.com.br
397.920.118-03,Paulo Barbosa,5108204,MT,2017-02-06,paulo.barbosa@bol.com.br
105.439.664-70,Lucas Souza,2205003,PI,2015-02-22,lucas.souza@yahoo.com.br
738.560.093-02,Conceição Ribeiro Cardoso,4108601,PR,2019-03-12,
889.029.542-26,Aline Rodrigues Moraes,1301001,AM,2025-12-01,aline.rodrigues.moraes@outlook.com
608.459.052-79,Maria Silva,2700102,AL,2025-04-06,maria.silva@hotmail.com
723.931.676-92,Aline Fernandes Cardoso,4312351,RS,2024-02-02,aline.fernandes.cardoso@gmail.com
730.653.757-10,Jéssica Ribeiro Vieira,4208401,SC,2022-07-06,jessica.ribeiro.vieira@outlook.com
907.413.268-50,Rafael Costa,3522653,SP,2023-03-01,rafael.costa@uol.com.br
431.630.984-60,Rodrigo Ferreira,2201176,PI,2015-11-10,rodrigo.ferreira@yahoo.com.br
565.007.546-89,José Oliveira,1502509,PA,2021-02-18,jose.oliveira@gmail.com
188.393.021-90,Juliana Lima,2205540,PI,2023-03-17,juliana.lima@hotmail.com
813.574.340-81,Conceição Costa,2302008,CE,2021-11-11,conceicao.costa@uol.com.br
732.508.729-20,Lucas Nunes,5000906,MS,2023-07-28,lucas.nunes@bol.com.br
927.276.632-00,Rafael Ferreira,3506706,SP,2017-06-16,rafael.ferreira@yahoo.com.br
551.227.474-07,Luiz Lopes,2926608,BA,2023-03-05,luiz.lopes@bol.com.br
